CREATE DATABASE  IF NOT EXISTS `dev` /*!40100 DEFAULT CHARACTER SET utf8mb4 COLLATE utf8mb4_0900_ai_ci */ /*!80016 DEFAULT ENCRYPTION='N' */;
USE `dev`;
-- MySQL dump 10.13  Distrib 8.0.30, for macos12 (x86_64)
--
-- Host: collegato-app.c604sv7jbxkd.us-east-1.rds.amazonaws.com    Database: dev
-- ------------------------------------------------------
-- Server version	8.0.28

/*!40101 SET @OLD_CHARACTER_SET_CLIENT=@@CHARACTER_SET_CLIENT */;
/*!40101 SET @OLD_CHARACTER_SET_RESULTS=@@CHARACTER_SET_RESULTS */;
/*!40101 SET @OLD_COLLATION_CONNECTION=@@COLLATION_CONNECTION */;
/*!50503 SET NAMES utf8 */;
/*!40103 SET @OLD_TIME_ZONE=@@TIME_ZONE */;
/*!40103 SET TIME_ZONE='+00:00' */;
/*!40014 SET @OLD_UNIQUE_CHECKS=@@UNIQUE_CHECKS, UNIQUE_CHECKS=0 */;
/*!40014 SET @OLD_FOREIGN_KEY_CHECKS=@@FOREIGN_KEY_CHECKS, FOREIGN_KEY_CHECKS=0 */;
/*!40101 SET @OLD_SQL_MODE=@@SQL_MODE, SQL_MODE='NO_AUTO_VALUE_ON_ZERO' */;
/*!40111 SET @OLD_SQL_NOTES=@@SQL_NOTES, SQL_NOTES=0 */;
SET @MYSQLDUMP_TEMP_LOG_BIN = @@SESSION.SQL_LOG_BIN;
SET @@SESSION.SQL_LOG_BIN= 0;

--
-- GTID state at the beginning of the backup 
--

SET @@GLOBAL.GTID_PURGED=/*!80000 '+'*/ '';

--
-- Table structure for table `CATEGORIA_EMPRESA`
--

DROP TABLE IF EXISTS `CATEGORIA_EMPRESA`;
/*!40101 SET @saved_cs_client     = @@character_set_client */;
/*!50503 SET character_set_client = utf8mb4 */;
CREATE TABLE `CATEGORIA_EMPRESA` (
  `CATEMP_ID` int NOT NULL AUTO_INCREMENT,
  `CATEMP_DESCRICAO` varchar(255) NOT NULL,
  PRIMARY KEY (`CATEMP_ID`)
) ENGINE=InnoDB AUTO_INCREMENT=6 DEFAULT CHARSET=utf8mb4 COLLATE=utf8mb4_0900_ai_ci;
/*!40101 SET character_set_client = @saved_cs_client */;

--
-- Dumping data for table `CATEGORIA_EMPRESA`
--

LOCK TABLES `CATEGORIA_EMPRESA` WRITE;
/*!40000 ALTER TABLE `CATEGORIA_EMPRESA` DISABLE KEYS */;
INSERT INTO `CATEGORIA_EMPRESA` VALUES (1,'Advogado'),(2,'Dentista'),(3,'Coworking'),(4,'Saúde'),(5,'Prestações de Serviço');
/*!40000 ALTER TABLE `CATEGORIA_EMPRESA` ENABLE KEYS */;
UNLOCK TABLES;

--
-- Table structure for table `DISPONIBILIDADE`
--

DROP TABLE IF EXISTS `DISPONIBILIDADE`;
/*!40101 SET @saved_cs_client     = @@character_set_client */;
/*!50503 SET character_set_client = utf8mb4 */;
CREATE TABLE `DISPONIBILIDADE` (
  `DIS_ID` int NOT NULL AUTO_INCREMENT,
  `DIS_ATIVO` tinyint NOT NULL DEFAULT '1',
  `DIS_HRABERTURA` varchar(255) NOT NULL,
  `DIS_HRFIM` varchar(255) NOT NULL,
  `DIS_DIASEMAMA` varchar(255) NOT NULL,
  `DIS_MINDIASCAN` int NOT NULL,
  `DIS_DIASEMANAINDEX` int NOT NULL,
  `DIS_INTERVALOMINUTOS` int NOT NULL,
  `DIS_SAL_ID` int NOT NULL,
  PRIMARY KEY (`DIS_ID`),
  KEY `FK_f30a7e9f855515e2c0aa144019b` (`DIS_SAL_ID`),
  CONSTRAINT `FK_f30a7e9f855515e2c0aa144019b` FOREIGN KEY (`DIS_SAL_ID`) REFERENCES `SALA` (`SAL_ID`)
) ENGINE=InnoDB AUTO_INCREMENT=8 DEFAULT CHARSET=utf8mb4 COLLATE=utf8mb4_0900_ai_ci;
/*!40101 SET character_set_client = @saved_cs_client */;

--
-- Dumping data for table `DISPONIBILIDADE`
--

LOCK TABLES `DISPONIBILIDADE` WRITE;
/*!40000 ALTER TABLE `DISPONIBILIDADE` DISABLE KEYS */;
INSERT INTO `DISPONIBILIDADE` VALUES (1,0,'08:00','17:00','Domingo',2,0,30,1),(2,1,'08:00','17:00','Segunda-Feira',2,1,60,1),(3,1,'08:00','17:00','Terça-Feira',2,2,30,1),(4,1,'08:00','17:00','Quarta-Feira',2,3,30,1),(5,1,'08:00','17:00','Quinta-Feira',2,4,30,1),(6,1,'08:00','12:00','Sexta-Feira',2,5,30,1),(7,0,'08:00','17:00','Sábado',2,6,30,1);
/*!40000 ALTER TABLE `DISPONIBILIDADE` ENABLE KEYS */;
UNLOCK TABLES;

--
-- Table structure for table `EMPRESA`
--

DROP TABLE IF EXISTS `EMPRESA`;
/*!40101 SET @saved_cs_client     = @@character_set_client */;
/*!50503 SET character_set_client = utf8mb4 */;
CREATE TABLE `EMPRESA` (
  `EMP_ID` int NOT NULL AUTO_INCREMENT,
  `EMP_LOGOURL` text,
  `EMP_NOME` varchar(255) DEFAULT NULL,
  `EMP_TELEFONE` varchar(255) DEFAULT NULL,
  `EMP_CPFCNPJ` bigint DEFAULT NULL,
  `EMP_MUNICIPIO` varchar(255) DEFAULT NULL,
  `EMP_ESTADO` varchar(255) DEFAULT NULL,
  `EMP_PAIS` varchar(255) DEFAULT NULL,
  `EMP_ENDERECO` varchar(255) DEFAULT NULL,
  `EMP_NUMEROENDERECO` varchar(255) DEFAULT NULL,
  `EMP_CEP` int DEFAULT NULL,
  `EMP_CATEMP_ID` int NOT NULL,
  `EMP_USERINCLUI` int NOT NULL,
  `EMP_DTAINCLUI` datetime(6) NOT NULL DEFAULT CURRENT_TIMESTAMP(6),
  `EMP_USERALTERA` int DEFAULT NULL,
  `EMP_DTAALTERA` datetime(6) DEFAULT CURRENT_TIMESTAMP(6) ON UPDATE CURRENT_TIMESTAMP(6),
  PRIMARY KEY (`EMP_ID`),
  KEY `FK_89b46ca2467b0df03fce79ec876` (`EMP_CATEMP_ID`),
  CONSTRAINT `FK_89b46ca2467b0df03fce79ec876` FOREIGN KEY (`EMP_CATEMP_ID`) REFERENCES `CATEGORIA_EMPRESA` (`CATEMP_ID`)
) ENGINE=InnoDB AUTO_INCREMENT=2 DEFAULT CHARSET=utf8mb4 COLLATE=utf8mb4_0900_ai_ci;
/*!40101 SET character_set_client = @saved_cs_client */;

--
-- Dumping data for table `EMPRESA`
--

LOCK TABLES `EMPRESA` WRITE;
/*!40000 ALTER TABLE `EMPRESA` DISABLE KEYS */;
INSERT INTO `EMPRESA` VALUES (1,'/9j/4AAQSkZJRgABAQAAAQABAAD/4gIoSUNDX1BST0ZJTEUAAQEAAAIYAAAAAAIQAABtbnRyUkdCIFhZWiAAAAAAAAAAAAAAAABhY3NwAAAAAAAAAAAAAAAAAAAAAAAAAAAAAAAAAAAAAQAA9tYAAQAAAADTLQAAAAAAAAAAAAAAAAAAAAAAAAAAAAAAAAAAAAAAAAAAAAAAAAAAAAAAAAAAAAAAAAAAAAlkZXNjAAAA8AAAAHRyWFlaAAABZAAAABRnWFlaAAABeAAAABRiWFlaAAABjAAAABRyVFJDAAABoAAAAChnVFJDAAABoAAAAChiVFJDAAABoAAAACh3dHB0AAAByAAAABRjcHJ0AAAB3AAAADxtbHVjAAAAAAAAAAEAAAAMZW5VUwAAAFgAAAAcAHMAUgBHAEIAAAAAAAAAAAAAAAAAAAAAAAAAAAAAAAAAAAAAAAAAAAAAAAAAAAAAAAAAAAAAAAAAAAAAAAAAAAAAAAAAAAAAAAAAAAAAAAAAAAAAAAAAAFhZWiAAAAAAAABvogAAOPUAAAOQWFlaIAAAAAAAAGKZAAC3hQAAGNpYWVogAAAAAAAAJKAAAA+EAAC2z3BhcmEAAAAAAAQAAAACZmYAAPKnAAANWQAAE9AAAApbAAAAAAAAAABYWVogAAAAAAAA9tYAAQAAAADTLW1sdWMAAAAAAAAAAQAAAAxlblVTAAAAIAAAABwARwBvAG8AZwBsAGUAIABJAG4AYwAuACAAMgAwADEANv/bAEMAUDc8RjwyUEZBRlpVUF94yIJ4bm549a+5kcj////////////////////////////////////////////////////bAEMBVVpaeGl464KC6//////////////////////////////////////////////////////////////////////////AABEIBDIEOAMBIgACEQEDEQH/xAAZAAEAAwEBAAAAAAAAAAAAAAAAAQIDBAX/xAAqEAEAAgEEAQQCAwEBAQEBAAAAAQIRAxIhMVETMkFhBDMUUnEikUKBI//EABgBAQEBAQEAAAAAAAAAAAAAAAACAQME/8QAIhEBAQEBAQEAAwEBAQEBAQAAAAERAjESAyFBUTITYSJC/9oADAMBAAIRAxEAPwDmWpSbz9FKTecQ6q1isYg66xsmlaxWMQkHF0AAFb3ikfZe8Uj7ctrTacyvnnWW4WtNpzKAdnMAAa6Wlnm3RpaWeZ6dDn11/IqQ6AclgAObXjGozX1pzeVHo58cr6ANY30/Yupp+xdTlfQBrAAAAAAAAAAAAAAAAAAFtP3w6nLp++HU59eunHgAlYAAAAAAAAAAAAAAAAAAAAAAAAAAAAAAAAAAAAAAAAAAAAAAAAAAAAAAAAAAAAAAADl/K90f4xbfle6P8Yprrz4AMUAAAAAAAAAAAAAAAAAAAA2rWKxiEghIAAre8Uj7L3ikfbltabTmV886y3C1ptOZQDs5gADXS0s826NLSzzPToc+uv5Fc8gDksAAZaurjivZq6uOI7c7pxz/AGptAHVAAMb6fsXU0/YupyvoBEZnAxMRM9QmaWj4dFaxWMQlH06fDkG+pp55hguXUWYANYAAAAAALRS09Q009P5lqi9LnP8Arlmsx3CHVasWjEua0bbYbLrOucQApK2n74dLm0/fDpc+vXTjxICVgAAAAAAAAIBIAAAAAAAAAAAAAAAAAAAAAAAAAAAAAAAAAAAAAAAAAAAAAAAAAAAAAOX8r3R/jFt+V7o/ximuvPgAxQAAAAAAAAAAAAAAAAAAADcBCRW94pH2XvFIctrTacyvnnWW4WtNpzKAdnMAAa6Wlnm3RpaWeZ6dDn33/IrnkAclgADLV1ccV7NXVxxHbndOef7U9dADqgAAAGN9P2LqafsXU5X0WpOLQqDI60sdPU+JbOdmO0ujLU088x21QyXCzXIN9TTzzDB1l1yswAawAAbaWn8yaWn8y1c7V88/2glCXQc2rOby11NTHEdsF8xz6v8AABaFtP3w6XNp++HS59eunHiQErAAAAAAQTMR3LPV1opxHMua17XnMyzVTnXTbXpH2pP5PiHOM1XzHR/J+lq/kVnvhyhrfmO6LRbqcpcNbTWcxLo0tfdxbtuovONxCWpAAAAAAAAAAAAAAAAAAAAAAAAAAAAAAAAAAAAAAAAAAAAAAAAY62nvjMdw5ZiYnEu9lraW6Mx2yxfPWOUJjE4kSsAGgAAAAAAAAAAAAAALUpN5xAwpSbziB10pFIxArHO9Vire8Uj7L3ikfbltabTmU886q3C1ptOZQDs5gADXS0s8z0aWlnm3Toc+u/5FTkAclgADLV1ccR2aurjiO3O6c8f2p6oA6oAAAAABjfT9i6mn7F1OV9AGsG2lqZ4liMs1suOtLHS1PiWrnZjrLoz1NPPMdtBkuFmuQb6mnnmO2DrLrlZg20tP5k0tP5lqm1XPP9okQh0GepqY4js1NTHEMFSI66AHRzAAW0/fDpc2n74dLn166ceJASsAAQkBDLW1dkYjtpa22sy4rWm1pmWWq5momczmQEuoAAAAADo0NX/5s3cETicw7NK++kT8qlc+pn7aANQAAAAAAAAAAAAAAAAAAAAAAAAAAAAAAAAAAAAAAAAAAAAAAgEgx1tKLRmO3LMYnEu9lraW7mO2WL56coTExOJEugAAAAAAAAAAAAC1KTecQMKUm84h10pFIxBSkUjELKkc7dSA1LyrWm05lALAABrpaWebdGlpZ5np0OfXX8iuYAOSwABlq6uOI7NXVxxHbndOOf7U9U7AdUAAAAAAAAxvp+xdTT9i6nK+gDWAADbS1PiWIyzWy47BjpanxLVzsx1l0V2RuzhZLGoEoAZ6mpjiOzV1McR2wVIjrr+ADo5gAAALafvh0ubT98Olz69dOPEgJWAAAgGP5NsREeXM1/Jn/wDphkmuvPgAxQAAAAAA2/Gti+PLFbSnF4bGXx3AKcQAAAAAAAAAAAAAAAAAAAAAAAAAAAAAAAAAAAAAAAAAAAAAEJVm0RaInuVgEJAY62lujMduWYmJxLvZa2lFozHbLF89OUJjE4kS6AAAAAAAAALUpN5xAwpSbziHXSkUjEJpSKRiFlSOdugDUgiZiOwHlALBrpaWebdGlpZ5np0OfXX8iueQByWAAMtXVxxHZq6uOI7c7pzz/anroAdUAERmcQBEZa10JnmZw00tPbzPbRy67/xc5/1jOhHxLK+nNO3Wi0RaMSyd3+l5cYteu20wq7IABjfT9i6mn7F1OV9AGsAAAAHTp528qaWn8y1c+q6czEgJWhF87ZwkByT3yN9XTzzHbB0l1xswAUwAAABbT98Olzafvh0ufXrpx4kBKwAAAHH+R+2f8ZtvyY/6iWKa6zwAYoAAAAAATT3x/qF9Cu7UgZfHYkFuIAAAAAAAAAAAAAAAAAAAAAAAAAAAAAAAAAAAAAAAAAAAAADl/J4vC+jq7uLdqfle6P8AGMcSn+ukmx3pYaOtu/5t22UizASDGOtpbozHblmJicS72WtpbozHbLF89OUJjE4kS6AAAAALUpN5xAwpSbziHXSkUjEFKRSMQsqRzt1IDUiJnEZkmcRmXLras3nEdMbJpras3nEdDIS6yYxa6Wlnm3RpaWebdOhXXX8jnzydAOSwABlq6uOI7NXVxxHbndOef7U9dADqgAiMzwBEZnEOnS09sZns0tPbGZ7aOXXW/qL5gA5qAJnEZkHNr/s//Ga2pbdaZVeieOV9AGsb6fsXU0/YupyvoA1gAA209P5k0tP5lq52unPP9qQQlYrvruxlXU1McR2w+VTnUXrHWljpanxLVNmKl0Z6mnnmO2qCUs1yDfU088wwdZdcrMAGsAAW0/fDpc2n74dLn166ceJASsAAABlr13U+4cjvnlya2nstn4llXzf4zAS6AAAAAADo/GriNzHTpN7YdlY2xhsR1f4sApzAAAAAAAAAAAAAAAAAAAAAAAAAAAAAAAAAAAAAAAAAAAAAAcv5Xuj/ABi2/K90f4xTXXnwjiXTo6u6Ntu3MRwFmu9LDR1t3/Nu2ynOzEoSgYy1tLdGY7csxicS72WrpbozHbLF89OUJiYnEiXQBbTpN5xAwpSbziHXSkUjEFKRSMQuqRzt0AakRMxEZkmYiMy5dbVm84jplbJprau+cR0yBLrJgANbgISAAMtXVxxHZq6uOK9ud055/tT10AOqACIzOIAiMzw6dLT2xmezS09vM9tHLrrf1FyADmoAmcRmQJnEZlzaupunEdGrqbpxHTN155z91HVAHRIAMb6fsXU0/YupyvoAMG2np/Mmlp/MtUWr55/tEiEugz1NTHEdmpqY4jtgqRHXR2A6OY20tTPEsRlmtlx1pY6Wp8S1c7MdZdGepp55jtqhkuFmuQb6mnnmO2DrLrlZgA1i2n74dLm0/fDpc+vXTjxICVgAAACtqxaMSsA4tTTmk/SjvmImMSwv+P8ANZTY6Tr/AFzi1tO1e4lVitATFLW6gNQmlJvOIbU/HmfdLetYrGIhuJvX+I09OKQskU5gAAAAAAAAAAAAAAAAAAAAAAAAAAAAAAAAAAAAAAAAAAAAAAAOX8r3R/jFt+V7o/ximuvPgAxRHDp0dbd/zbtzHTU2a70sNHW3f827bKc7MBIMY62lFozHblmMTiXez1dGL8xxLLFc9Y5qUm84h10pFIxBSkUjELkhboA1IiZiIzJMxEZlya2rN5xHTNbJqdbVm84jpkCXWTAAaAA3AQkZaurjiOzV1ccV7c7pxx/anqgDqgAiMzgCIzOIdOlp7YzPZpae2Mz20cuut/UXIAOagCZxHIEziMy5tXU3TiOjV1N04jpm6885+6i0AdEgAAAxvp+xdTT9i6nK+i1IzaFUxOJyVkdSVa2i0ZhLk7jPU1McR2aupjiO2CpEddADo5gAAADbT1PiWIyzWy460sdLU+JauVmOsujm1IxeXTMxEZly2ndaZVyntADo5rafvh0ubT98Olz69dOPEgJWAAAAAAAAjCNtfELAK7a+ITiISAAAAAAAAAAAAAAAAAAAAAAAAAAAAAAAAAAAAAAAAAAAAAAAAAAAAA5fyvdH+MW35Xuj/GKa68+ADFAAHTp0dbd/zbtzEcNTZrvGOjrbv+bdtlOdmJAGAACJmIjMkzERmXJras3nEdMbJpras3nEdMwS6yYADQAAAG7LV1ccR2aurjivbnbxz/a53oAdUAERmcQBEZnh06WntjM9mlp7YzPbRy7639RcgA5qAJnEZkCZxGZc2rqbpxHRq6m6cR0zdeec/dR1QB0SAAAAAA30/Yupp+xdTjfQBrExaY6lM6lp+VRmG0AaAAAAAAAAC0XtHyqMNTNpnuUAAA0W0/fDpc2n74dLn166ceJASsAAAAAAAAAAAAAAAAAAAAAAAAAAAAAAAAAAAAAAAAAAAAAAAAAAAAAAAAAAAAAAABy/le6P8YtvyvdH+MU1158AGKAAAAOnTo6u6MW7cx01Nmu9LDR1omMW7bKc7MSiZiIzJMxWMy5dbV3ziOmaSaa2rN5xHTIEusmAA0AAAAABiA7OABEZnEARGZxDp0tPbGZ7NLT2xme2jl11v6i+eQBzUATOIzIEziMy5tXU3TiOjV1N04jpm6885+6jqgDokAAAAAGAAN9P2Ls9OYiq+6G7HO83/EiN0G6G7GfN/wASI3QboNh83/EiN0G6DYfN/wASI3QboNh83/EiN0G6DYfN/wASI3QboNh83/EiN0G6DYfN/wASI3QboNh83/EiN0G6DYfN/wASI3QboNh83/F9P3w6XJS8RaJl0etTy59WOnMuNBn61PJ61PLF5Wgz9ank9ankMrQZ+tTyetTyGVoM/Wp5PWp5DK0GfrU8nrU8hlaDP1qeT1qeQytBn61PJ61PJplaCnqV8nqV8s2GVcU9Svk9Svk2GVcU9Svk9Svk2GVcU9Svk9Svk2GVcU9Svk9Svk2GVcU9Svk9Svk2GVcU9Svk9Svk2GVcU9Svk9Svk2GVcU9Svk9Svk2GVcU9Svk9Svk2GVcU9Svk9Svk2GVcU9Svk9Svk2GVcU9Svk9Svk2GVcU9Svk9Svk2GVcU9Svk9Svk2GVcU9Svk9Svk2GVcU9Svk9Svk2GVcU9Svk318mwyrim+vlFtale5NZjQZfyNL+x/I0v7NGoy/kaX9j+Rpf2BqMv5Gl/Y/kaX9gajL+Rpf2P5Gl/YGoy/kaX9j+Rpf2BqMv5Gl/Y/kaX9gajH+Rpf2P5Gn/YGf5Xuj/GK+vq0vaJiWW6E2V05sxYV3QboMqtiwrug3QZTYsK7oN0GU2LCu6DdBlNiy0XtHUs90G6DKzYvNpnuUK7oN0GVuxYV3QboMpsWFd0G6DKbFhXdBugymxYV3QboMpsWFd0BlNjMCIzOIdXEiMzh06WntjM9mlpbYzPbRy6639RfMAHNQBM4jMgTOIzLm1dTdOI6NXU3TiOmbrzzn7qLQB0SAtSk3nEFClJvOIdFdKsdxlalYrGIS49d746TlX06/1hlqaOIzVuJnVhZHEL6tdt5UeiXXMABpXpZWvSzlfXaeADAAAAAAAAAAAAAAAAAAGgAAAAAAAAAAAAABHYR2Mbx0EdCAAGAAAAAAAAAAAAAAAAAAAAAAAAAAAAAAAADD8juG7D8juFces68YgO7mAAAAAAAAAAAAAAAAAAAAAAAAAAAAAAAAAAAARGZ4dOlp7YzPZpaW3me2jl13v6i5ABzUATOIzIEziMy5tXU3TiOjV1N04jpm6885+6i0AdEgLUpN5xAFKTecQ6qVisYgpWKRiEuHXWukmACWgK3vFIzJBhr/s//GabTumZQ9EmRyoA0aV6WVr0s5X12ngAxoAAAAAAAAAAAAAAAAAAAAAAAAAAAAAAAAR2Edg3joI6EMAAAAAAAAAAAAAAAAAAAAAAAAAAAAAAAAAAGH5HcN2H5HcK49T14xAd3MAAAAAAAAAAAAAAAAAAAAAAAAAAAAAAAAAAAB2gPM6gEziMyBM45lzaupunEdGrqbpxHTN155z91FoA6JAWpSbziAKUm84h1UrFIxBSkUjEJcOutdJMAEtARe8UjMnoXtFIzLlvebzmS9ptOZVduecc7dAFsAAaV6WVr0s5X12ngAxoAAAAAAAAAAAAAAAAAAAAAAAAAAAAAAAAR2Edg3joI6EMAAAAAAAAAAAAAAAAAAAAAAAAAAAAAAAAAAGH5HcNt0eWWtE2mNvKuPU9eMBb07f1lV31zAAAAAAAAAAAAAAAAAAAAAAAAAAAAAAAAAAAAdoEzjmXmdSZxHLm1dTdOI6NXU3TiOmbrzzn7qL0AOiQFqUm84g8ClJvOIdVKxSMQUrFYxCXDrrXSTABLQEXvFIzJ6F7xSMy5b3m85kvebTmVXbnnHO3QBbAAAAGtKzNeFtkr6P64XcLf26zxjsk2S2Ga1jsk2S2DRjsk2S2DRjsk2S2DRjsk2S2DRjsk2S2DRjsk2S2DRjsk2S2DRjsk2S2DRjsk2S2DRjsk2S2DRhMTHY3mMwwniWygA1oY4TWF1zjXLr8mXIzE2jCE2YuWWaAMUAAEdhHYN46COhDAAAAAAAAAAAAAAAAAAAAAAAAAAAAAAAABnqW5w0Y39zYIX0vlRfS+W0aMtekY3Q1V1f1yzm5U3xyAPQ5gAAAAAAAAAAAAAAAAAAAAAAAAAAAAAAAAAO2ZxGZc2rqbpxHRq6u7iOmbnzzn7qr0AOiQFqUm84g3ApSbziHVSsUjEFKxWMQlw6610kwASoBF7xSMyesL3ikZly3vN5zJe83nMqu3POOdugC2AAAAAAOrR/XC6mj+uF3n69dZ4AMaAAAAAAAAAAAAAAAAAAAAMbe6WzG3ulsEJrXyhbdDpzn9R3b/FhETlLtHmsz0UtGFpnCN0J6yr4+p+4qA4vSADQjsI7BvHQR0IYAAAAAAAAAAAAAAAAAAAAAAAAAAAAAAAAMb+5sxv7mwQvpfKi+l8to0V1f1ysrq/rlk9ZXIA9DkAAAAAAAAAAAAAAAAAAAAAAAAAAAAAAAAAAAAAtSk3nEHgUpN5xDqpWKxiClYrGIS4dda6SYAJaAre8UjMnom94pGZct7zacyXtNpzKrtzzjnboAtICYrM9QNQLTp2iMzCpoAAAA6tH9cLqaP64Xefr11ngAxoAAAAAAAAAAAAAAAAAAAAxt7pbMbe6WwQApqaLqUXduPHl/J/0pdCbdoc+vXfj/AJAErAACOwjsG8dBHQhgAAAAAAAAAAAAAAAAAAAAAAAAAAAAAAAAxv7mzG/ubBC+l8qL6Xy2jRXV/XKyur+uWT1lcgD0OQAAAAAAAAAAAAAAAAAAAAAAAAAAAAAAAAAAC1KTecQeBSk3nEOqlIpGIKVisYhLh11rpJgAloCL3ikZkC94pGZct7zacyXtN5zKrtzzjnboAtgDTS0905npluEmmlpbuZ6dMRERiIIjEcDh11rpJgpqacWjPyuMlxvrimMTgaa8YuzeiXY5UAaOrR/XC6mj+uF3n69dZ4AMaAAAAAAAAAAAAAAAAAAAAMbe6WzG3ulsEAKami6lF3bjx5fyf9KW7Qm3aHPr134/5AErAACOwjsG8dBHQhgAAAAAAAAAAAAAACLTiASMZvMpi8w3BqETmOBgAAAAAAAAAAAAMb+5sxv7mwQvpfKi+l8to0V1f1ysrq/rlk9ZXIA9DkAAAAAAAAAAAACaxNpxDoppVrHPMpvUjZNcw6radbfDnvSaTiSdSlmKgKYAAAAAAAAAAAAAAAAtSk3nEOqlYrGIK1ikYhLh11rpJgAloCL3ikZk9C9opGZct7TecyXtN5zKrtzzjnboAtgDTS0t05npluEmp0tPdOZ6dERgiMRiBw6610kwAY0Bnq6m2MR22TS3GWtObszsd5MjlQBo6tH9cLuekzFe1t0+XCz9us8bDHdPk3T5ZjWwx3T5N0+TBsMd0+TdPkwbDHdPk3T5MGwx3T5N0+TBsMd0+TdPkwbDHdPk3T5MGwx3T5N0+TBsMd0+TdPkwbDHdPk3T5MGwx3T5N0+TBrMxEMZ5kmc9jZAAa1NF1KLu3Hjy/k/6Ut2hNu0OfXrvx/yAJWAAEdhHYN46COhDAAAAAAAAAAAAAAEWnEMrWzKdT3KqkABrU1ttltE5jMME1ttlljGwROY4EgAAAAAAAAAAxv7mzLUjnLYKr6XyovpfLaNFdX9crM9a0RTHzLOfWXxzAPQ5AAAAAAAAwAGiaxNpxBWJtOIdOnpxSPtPXWNk009OKR9rg4W66CL1i0YlIDkvSaTiVXTrRmmfDmd+bsc7MAFMAAAAAAAAAAAAAAdoDzOoCt7xSMyCb3ikZly3tNpzJe82nMqu3POOdugC2ANdLT3TmemW4SaaWnu5np0RGI4IjEcDh11rpJgAxoDPV1dsYjtsmluGrqbeI7c0zmcyTOR255xzt0AUwABpXpZWkf8rYlyvrrPAMSYljQMSYkAMSYkAMSYkAMSYkAMSYkAMSYkAAaAAAYkZsAxJiW5TYBifBifBhsAxPgxJhsTRdWsLOvHjy/k/wClLdoTbtDn169HH/IAlYAAR2Edg3joI6EMAAAAAAAAAAAAAAU1K/LNuzvTHMNlFAFNAATW22W0TmOGCa2msssY2CJiY4EgAAAAAAAATGewBX04Uvb0pjHOWrD8juFc/upviJ17eIZzM2nMygdpJHPQBoAAAAAAAAJrE2nEFYm04h06enFI+09dY2TTT04pH2uDhbroADQGWrq44r22TWW4jXvGNsMDsd5MjlboA1gANAAAAAAAAAAAAdoK3vFIzLzOpe8UjMua9pvOZL2m85lV255xzt0AWkBrpae6cz0y3GyaaWnunM9OiIxGIIjEYgcOutdJMAGNAZ6urt4jtsmluGrqbYxHbmmc9kzmeR255xzt0AUwAAAB3/jVidKOIa7a+IZ/jfphsiiu2viDbXxCwCu2viDbXxCwCu2viDbXxCwCu2viDbXxCwCu2viDbXxCwCu2viDbXxCwCu2viDbXxCyAUvpVtHTktG2ZiXc49f8AbLKviqAJdE17XUp2u7cePL+X/oETODdCtiJzakRug3QzYfNSI3QboNjfmpEboN0N2HzVbITacyhx69eniZABKwAAjsI7BvHQR0IYAAAAAAAAAAAAAAAAzvTHMKN2d6Y5hUooA1oACa2mstonMZhgtScThljGoCQAAAAAAAGDD8juHQw/IjmFces68YAO7mAAAAAAAAJrWbTiEOnQrEVz8ynq5GyanT04pH2uDhbroAAAy1dXHEdtk0tw1dXHEdufsHec45W6ANAAAAAAAAAAAAAAAAHZe8UjMuW9pvOZL2m05lVPPONt0AUwBrpaW6cz0y3CTTS093M9OiIxHBEY6HDrrXSTABjQGerqbYxHbZNLcNXU28R25pnMkzkduecc7dAFMAAAAAAeh+N+mGzH8b9MNkUAAAAAAAAAAAAEJAHFr/tl2uLX/bLKrj1QBLqmna6le13bjx5fy/8ASt1VrqufXrt+P/kAS6AAAAAAAAAABHYR2DeOgjoQwAAAAAAAAAAAAAAAAABnemOYUbs70xzCpRQBrRakZt/iK13S2iMQy1gAkAABatZlpWkQ2c2ptxlFZn4XjTn5aJXOYn6qkacJ2x4WG5E6hz/ld1dDn/K91Sq59c5iPCRLorNYRNPC43az5jKYmENUTWJVOk3j/GYmazCFozAAB06Ns0x8w5k1tNZzCepsbLjsFaXi8fazhmOgDLV1ccV7bJpbhq6uOI7c52O/Mxyt0AaAAAAAAAAAAAAAAAAAAAAANdLT3TmemW4SaaWnunM9OiIxHBEYjEDh11rpJgAxoDPV1dsYjtsmluGrqbeI7c0zmeSZyO/POOdugDWANK6Np74ZbIZrMbfx58wztSazzBOpTKqA1gANeh+N+mGzH8b9MNkUAAAAAAAAAAAAAAHFr/tl2uLX/bLKrj1QBLqmva6le13bjx5fy/8ASt1VrqufXrt+P/kAS6AAAAAAAAAABHYR2DeOgjoQwAAAAAAAAAAAAAAAAAAABS2n4VjTn5ajdCIiIAYwBMRMzwBEZaV0/mVq1iv+rLnKL0hILSCDIJFJ1Kx8qTrR4blZsbOb8r3VWnWn4hjq3m8xlllxvPUtUAQ7gAAAClq+FxsuMs1j0NZjLOYw6S65XnEANYmtprOYb116zHPDnE3mVsuN763GK/8ArDsGySMt0AaAAAAAAAAAAAAAAAAAAAAANdLS3TmemW4SaaWnu5np0RGOiOOhw6610kwAY0Bnq6u3iO2yaW4aupt4jtzTOeSZzPI7884526ANYB26NLS28z2zrrGyaaWlt5t21Bwt10kwRasWjEpGDjvXbaYQ01/2f/jN6JdjlfQBo9D8b9MNmP436YbIoAAAAAAAAAAAAAAOLX/bLsmcQ4tS268yyr49VAS6Jr2upXtd248eX8v/AErdVa6rn167fj/5AEugAAAAAAAAAAR2Edg3joI6EMAAAAAAAAAAAAAAAAAAAAAAAT2MIjM4bVrEQUrthLpzMRboApITOO1b3isMLXmzZNTesaW1oj28s7XtbuVRckc71aAKYK3WVujrxf4/+lQHF6wAAAAABExmEgxlMYlDW0Zhk6y65dTABrAAYADQAAAAAAAAAAAAAAAAAAAGulp7pzPToiMRwRx0PP11rpJgAxoDPV1dsYjtsmluGrqbeI7c0znsmcyO/POOdugDWB2OjS0tvM9s66xsmmlpbeZ7ag4W66SYAMAniBz6urniOm8zWW4pqW3XmVQeifpzAAdOlrTWkRC/8iznr0s5W/t0kmNv5Fj+RZiGt+Y2/kWP5FmIafMbfyLH8izENPmNv5Fj+RZiGnzG38ix/IsxDT5jb+RY/kWYhp8xt/IsfyLeGIafMXvrWvGPhQGNwAGpr2upXtd248eX8v8A0rdVa6rn167fj/5AEugAAAAAAAAAAR2Edg3joI6EMAAAAAAAAAAAAAAAAAAAAAAGmnX5lWsZltEYhXMR1UoSh0QK6l4rH2m9orGXNMzM5lUmp66wmZmcygFuQERlrTR+bFuNk1lETPULxpWn6bxWI6hKL0ucMY0ftlr02TDrc/5Xuqm24viSVgAh3AAAAAAAAFLx8robLjLNZCbRiUOriAAAAAAAAAAAAAAAAAAAAAAAA7QHmdQGerqbYxHbZNLcNXV28R25pnM8k8jvzzjnboA1gDo0tLbzPbOusbJppaW3m3bUHC3XSTABgB059XV3cR02TWW4aurniOmQO8mOdugDQABpX2rN/wAfTrbSiZhr6NPDnZ+1zqOMdno08Ho08Mxv3HGOz0aeD0aeDD7jjHZ6NPDPU0IxmvZh9RzgMWAmrZNqerk1A0F/Dl/6sxoHwf8AqzGgfB/7MxoHwf8AqpTtcF8zI5ddfV1W6q11XLr16Px/8gCXQAAAAAAAAAAI7COwbx0EdCGAAAAAAAAAAAAAAAAAAAAAJiMyMaacYjLRERiEus/TlREziEsta2Ix5bP2y3GWpbdb6VB1jjRMRNpxCI5dGnTbH2y3G8zU004rH2sJc3bMAAHN+V7qulzfle6rKrn1gAl1AAAAAAAAAAVvGYZtWcxiXTmufcQApAAAAAAAAAAAAAAAAAAAAAADtBnq6m3iO3nk11tw1dXbGI7c0znmSZzOR355xzt0AawDt0aWlt/6ntnXWNk00tLbzPbUHC3XSTABgB059XVzxHTeedZbhq6ueI6ZA7yY526ANAAAAHofjfphsx/G/TDZFAAAAEE9B8A4b8XlC2p+y3+qodoLUVWorn1H5P8AlYFLduvVyPPxz9XFsmVBH/o6/wDj/wDV8mVA/wDQ/wDH/wCr5MqB9n/j/wDV8mVA/wDQ/wDH/wCptKARbrrzMmADFAAAAAAAAAABHYR2DeOgjoQwAAAAAAAAAAAAAAAAAAAAX04zZRrpRxlvPqevGgDq5oc2pO68t7zisuZfLn3f4ARGZwpDXRrzmW6tYxWIWc7ddpMgAxoAA5vyvdV0ub8r3VZVc+sAEuoAAAAAAAAAAzvHLRS/SufU9eKAOjkAAAAAAAAAAAAAAAAAAAAAA6dXV2xiO3NM5k7Gc8423QBrA7O3RpaW3me2W42TTS0tvNu2oOFuukmADAOjpz6uru4jpvM1luGrq54jpkDvJjnboA0AAAAAAeh+N+mGzH8b9MNkUAAAAET0lHwDi1P2W/1VbU/Zb/VUO0FqKrUVz6j8n/Kylu11Ldunfjj+L/pADi9QAAAAAAAAAAAAAAAAAAAAR2Edg3joI6EMAAAAAAGd7znENJ6YNkDM+TMgoMyZkAMyZkAMyZnyAJi0x8ta23QxX0vllg0ASwbacYqxb19sK5T0sCHRDPXn/nDBtr/DF058cuvRfSjN4Ua6Ec5L4zn1skHN2AAAAHN+V7qulzfle6rKrn1gAl1AAAAAAAAAAFbe2VkT1LYy+MgHVxFqV32wq2/H90s6uQn7rWunWsdJ2x4SPPtdcRtjwbY8JDaYjbHg2x4SG0xG2PBtjwkNpiNseGeppRMZrxLUlsthY4hN/dKHocgAAAAAAAAAA7HRpaW3me2ddY2TTS0tvNu2oOFuukmADADpz6urniOm886y3DV1c8R0yB3kxzt0AaAmtZtOIdFdGsd8pvUjZNcw6p0qT8MtTR2815hk7lLzjIBbAAHofjfphsx/G/TDZFAAAEAlE9JQDi1P2W/1VbU/Zb/VUO0FqKrUVz6j8n/Kylu11Ldunfjj+L/pADi9QAAAAAAAAAAAAAAAAAAAAR2Edg3joI6EMAAAAAAJ6YN56YTxLYACmgAAAAAC+l3KjTSjuWVi4CWDevthg3r7YVwnpYB0QpakW7R6NftoN2syM/Rr9rVpFOlg2mQAY0AAAAc35Xuq6XN+V7qsqufWACXUAAAAAAAAAARPSUW6lsZfGQDq4jb8fuWLb8ef+p/xPfjefW4Dg6AA0AAAAAnoY47++f8AUJtObTKHpnjkAAAAAAAAHY6NLS28z2zrrGyaaWlt5ntqDhbrpJgAxodDn1dXPEdN551NuGrq54jpkDvJjnboA0E1rNpxBWs2nEOqlIpCeusbJpSkUjHysDhbroAA5dWu28wo01/2f/jN6OfHK+gDR6H436YauTR19mnEYa1/IiZ6Ra3K3GXq/R6v0z6hlajL1fpT+T9GwyuhEziJYfyfpnqa03jEcQa2c1S85tMoTWu75UtbEzCZ+3TcWWoy3/Sa6mPhfMsrn3djZS3avqx4ROpn4X1+45/jmX9rCm/6N/05/Nd/qLim/wCjf9M+afUXFN/0b/o+afUXFN/0b/o+afUXFN/0b/o+afUXFN/0b/o+afUXFN/0b/o+afUXFN/0b/o+afUXFN/0b/o+afUXFN/0b/o+afUXFN/0b/o+afUXI7U3/RF+ejKfUdUdBHUDmAA0AAAAVtTPMLAMvTk9OWo3Rl6cnpy1DRl6cnpy1DRl6cnpy1DRnGnPy0iMQDNAABtpz/yxa6U9wrn1PXjQB0cwAAAAAAAAABzfle6rpc35XdWVXPrABLqAAAAAAAAAAK29qyl+mz1N8UAdXETEzWcwgGuiuvGOY5T69ftzCPiN+q6fXr9nr1+3MHxD6rp9ev2evX7cwfEPqun16/Z69ftzB8Q+q6fXr9s9TW3cR0yGziQ+qAKYAAAAAAAA6NLS2827ag89uusmADAJ4OnPq6u7iOmznWW4aurniOmQO8mOdugDQTWs2nEFazacQ6qUikfaeusbJpSkUj7WBw3XQAARa0VjMlrRWMy5b3m88q551luItO60ygHdzAAaV9qytfas5X12njSl88SuwaUv8SiwXVvTPMdrDBgNb0zzHbJUoROGV+bS1ZW90r49T2gB0cwAAAAAAAAAAAAAAAAAAAAAAABMdwhMdwDsr7YCvtgeauoANAAAAAAAAAAAAAAAAAAFqTiyqSMroEVnMZS7OQAAAAAAAAAA5vyu6ulzfld1ZVc+sAEuoAAAAAAAAAAzvPK88QylfMR3QBbmAAAAAAAAAAAAAAAAAAAAAA7QHmdQ6HPq6u7iOm886y3DV1d3EdMgd5Mc7dAGgmtZtOIK1m04h1UpFIT11jZNKUikfawOF/boAAItaKxmS1orGZct7zeVc86y3C95vOVQd45gAAAOnTrFtOFJiYnlpo+yFrVi0OFv7dZ4xCYmJ5GqaUvniV2DSl88Smxi6t6Z5jtYYMGVvdLqvTPMduW3ul14qO/EAOiAAAAAAAAAAAAAAAAAAAAAAAABMdwhMdwDsr7YCvtgeauoANAAAAAAAAAAAAAAAAABgADTTt8NGETict4nMZdOajqJAUkAAAAAAAAc35XdXS5vyu6squfWACXUAAAAAAAABEziBit5+FCZzI6yZHK3aANYAAAAAAAAAAAAAAAAAAAAAA7Toc+rq7uI6efma6W4auru4jpkDvJjnboA0E1rNpxBWs2nEOqlIpCeusbJpSkUj7WBwv7dAABFrRWMyWtFYzLlvebzyrnnWW4XvN5+lQd5+nMAAAAAB1aP64XZaV8VxLV5+vXWeItWLQxmJieW6LVi0ErWITExOBTWlL54ldg0pfPEpsYu5NT3y63Jqe+V/j9R0qA6oAAAAAAAAAAAAAAAAAAAAAAAAEx3CEx3AOyvtgK+2B5q6gA0AAAAAAAAAAAAAAAAAAAAX07YnCgS4yzXQlnp2zxLR1l1yswAaAAAAAADm/K7q6XN+V3VlVz6wAS6gAAAAAAADO854WtbHEM18z+ufV/gAtAAAAAAAAAAAAAAAAAAAAAAAADXV1d3EdMnV/Dn+x/Dn+zJkLdco6v4c/2P4c/2NHKmtZtOIdP8Of7NKaGyOGW/4RSlIpCzT05PTlystdNjMaenJ6cs+afUZotaKxmWvpyyv+Na882bOf8AWXpy3vN55VdX8Of7H8Of7O0xDlHV/Dn+x/Dn+xo5R1fw5/sfw5/saOUdX8Of7H8Of7GjlHV/Dn+x/Dn+xoxr7WlL44lFqbJ2ocq7TxuMqXxxLVFgi1YtDGYmJ5botWLQ2UYhMTE8imtKXzxLn1PfLRlb3Sriftz7QA6IAAAAAAAAAAAAAAAAAAAAAAAAEx3CEx3AOyvtgK+2B5q6gA0AAAAAAAAAAAAAAAAAAAAABLWl899sUtlxNmugZ0v8Su6S652YkBoAAAAOb8rurpc35XdWVXPrABLqAAAAAAK2thFrY6UXOUddAC3MAAAAAAAAAAAAAAAAAAAAAAAAAB6wCAABCQAAAQllrzMaczANBw77f2k328yzV/DuS5/x7TMzmcuhqbMABgAAAAADj14nflm6dSM2lhau3/Eb+3WeKrUvjiVQa3GVL44lqiwRasWhjMTEt0WrFobKMWVu2sxMTiWVvdLpwnvxADo5gAAAAAAAAAA0rpTPM8LelHmW4n6jEXvpzXn4UY2XQAaAAAAAAAAJjuEJjuAdlfbAV9sDzV1ABoAAAAAAAAAAAAAAAATOIJnEMbW3SSCbXmZRumPlAsa1tuj7WYROJa0tuj7TYLAMBet5jtQJcZZreLRPSznicL0vMziXSdIvLUBSQABzfld1dLm/K7qyq59YAJdQAAFLWxxDZNZbi0zEKWtnpXORc5xzvWgCkgL6dJvP0W4Gnpzefp0Rp1iOk1iKxiEuHXVrpJil9Kto4jEua1ZrOJdiupSLx9t57z1ljkE2rNZxKHZAAAAAAAAAAAAAAAAAAAAD1gEACABnq6sUjEduemrats5yzVTnXYlWl4vGYWalDP8AI/VLSbRHcsNbVrak1ieWVs9c4CXZt+N7pdLk0LxSZy6q3raOJVHLr1KUEzhqQcutrTacV4hbR1v/AJszVfNzXSIS1IADC/uVmMrX9yrlfXWeMrV2z9Kt5jMMrV2z9NlaqtS+OJ6VGjcZUvjiWqLBFqxaHJeMWl2OTU98un4/UdKgOqAAAAAAAABrp6fzJp6fzLVsjn11/ABSBjqUxzHTYY2XHKNNSmOY6ZpdZdABoAAAAAAmO4QmO4B2V9sBX2wPNXUAGgAAAAAAAAAAAAABM4gmcQxtbdJIFrbpQC2gACae6EL6dfmWVjQBIAALU90KrU90E9ZfG4Ds5AADm/K91XS5vyvdVlVz6wAS6gADK3uasrdq59R34gB0cwAB1aMY04crfQvGNso7n6bz62AcXQAGq6lIvH25bVms4l2K6lIvH2vnrE2a5BNqzWcSh2cwAAAAAAAAAAAAAAAAAHrAIBlramyPtqz1dOLx9jY45mZnMibVms4lCHVbT1JpP01v+R/VgN1mRM2m3coBjQAaETjoAa017V75g1dbfxHTIbqfmAHbFOjQ1f8A5lux0dHb/wBW7bKjjc1IDWOXVvMak+ExOYU1/wBkqVttlzsdZ42JjMETmBLWVq7Z+lW8xljau3/FSiFqXxxKo0buTU98tqXxxLHU98t4n7R2qA6oAAAAAAGunp/Mmnp/MtWyOfXX8gApACMsEgNBjqUxzHTYY2XHKNNSmOY6ZpdZdABoAAAAmO4QmO4B2V9sBX2wPNXUAGgAAAAAAAAAAABM4gmcQxtbdJIFrbpQC2gAAL0pnmRhSmeZaAi0AAAAFqe6FVqe6CesvjcB2cgABzfle6rpc35Xuqyq59YAJdQABlbtqyt2rn1HfiAHRzAAAAdGlq54t21cTo0tXPFu3Lrn+xfNagOawAFdSkXj7ctqzWcS7FdSkXj7Xz1iLNcgm1ZrOJQ7IAAAAAAAAAAAAAAAAesAgAAZ6unF6/bjmMS6te+2mI7lyprpz4AVibTiGKO+mtNC1u+IbaelFI55loqRF6/xjH41fmT+PXy2yZjyYn6rmt+PMe2csprNZ5jDvUvSLxiTFTpxC2ppzScSqlfo6NDTjG6eZc7b8a+LbZ6lsZ146UoSpyAAcev+yWbXXr/1mGSHaeJrbbLaJzDBNbbZZYNiYyROYEjK1ds/SreYzHLG1ds/SpRDK3ulqyt3Lpz6ntAC3MAAAAa6en8yaen8y1bI59dfyACkAKXvFY+2Eml77Y+2MWmLZJnM5lDNdZMdFLRaFnNEzWcw3paLQ2VHXOLANSMdSmOY6bDGy45RpqUxzHTNLrLoANAAEx3CEx3AOyvtgK+2B5q6gA0AAAAAAAAAAABnqTzhRfUjnKioADWgL0pnmRhSmeZaAi0AAAAFbalaziZWcdpzM5Vxzqerjo9en2muvSJzz/45R0+Ij6d38vT+/wDw/l6f3/44RWMd38vT+/8Aw/l6f3/44Qwd38vT+/8Axnq6ldWYmvw5Wuj8nyy3P2ttk2yuN+In/wBaptk2yuHxD/1qm2VJ07TLYJzIy/ktYelb6Ralqw6ET1KsZ9VzBPYl0ABoADo0tXPFu2ridGlq5/5t25dcf2LlagOagAaz165pnw5nRr2iK7fmXO7ceOXXoAtgAAAAAAAAAAAAAD1hDLX1JpjHygn7bIcnr3PXuzVfNNe2dSfpmTOZEuk8HT+Pp4runuXPWM2iHdEYjDYnqjn1/wAmKf8ANeZX/I1NmnOO5efPMrkc17at7d2lEal46tKoodOl+VMTi/Xl2RMTGYeU6/w9TnZP/wCMsHRqUi9cOKYxOJeg4/yK41P9RV83+Mys4mJBK3dWc1ifKzjrrWrGIPXurXP5rsHPpatrXxLdrLMY39zG9PmG1/cq5X10njAXvT5hRTU1ttltE5hgmttsssGxMZgicwJGN67Z+mNvdLsmMw5Lxi8uvFR34qA6IABg109P5k09P5lq2RHXX8gApACl77Y+2Eml77Y+2EzmcyTOZzIx1kwAYoTWZrOYQDHRS0WhZzVmazmG9LRaFSufXOLANSMdSmOY6bDGy45RpqUxzHTNLrLoANEx3CEx3AOyvtgK+2B5q6gA0AAAAAAAAAAAAmMsr12/41JjJKMBedPwmunzyrRFKZ5loCdAAAAAABxz3LscU9y6fjR0AOqAAAABro/LJro/LYnrxqApyAAAAET0lE9MHPPcoTPcoS7AA0AAAB0aWrni3bVxNqa+Ixbly64/xc6/1upqakUj7Utrxj/mGMzMzmTnj/S9EzMzmUA6oAAAAAAAAAAAAAAAAeq5/wAruHQ5/wAr4c63n1gAl2AAX0P2w7XDpTjUiXaqOffrk/Nn/qsfTldn5lM1i3hxriABoNPx5xrRhm3/ABK51c/EFHe5vyY5iXS5fyZ/6iHOq59YgJdQAGmh+yHW5ND9kOtUcuvWN/cqprTMak4WrbdDnYueJZ3p8w0GeNYC96fMKLE1ttltE5hgmtprLLBs5NT3y64nMcOTU98q/H6jpUB1QNdPT+ZNPT+Zatkc+uv4AKQApe+2PthJpe+2PthM5nMkzmcyMdZMAGNABoAAmszWcwgGOilotCzmrM1nMN6Wi0Klc+ucWAakY6lMcx02GNlxyjTUpjmOmaXWXRMdwhMdwNdlfbAV9sDzV1ABoAAAAAAAAAAAAAAAMABoAAAAAA4p7l2uO0TFpiXT8aOkAOqAAAABro/LJro/LYnrxqApyAAAAET0lFpxEsHPPcoJ7EuwANAAAAAAAAAAAAAAAAAAAAAAAAAAesrasW7jKwgU9Kn9YPSp/WF0A4tSu28wq3/JpzFmCa6y7COJdulbdSJcTTR1NlueiHU11WrFqzE9S8/W0badvry9GJiYzBMRaMTGVyuTyh3W/FpaeP8An/ER+JSJ5mZbo5KUm9sVh36OlGlTHz8rU060j/mMLMtCZxGXFqW3XmWuvq//ADX/APWCLXTmAL6Vd94hir+nRTSrsjNYyt6VP6wslblqsUrWcxEQsAxx6/7JZxOJaa/7JZortPG1bboSwicTltW26E2CWd6fMNBmjAXvT5hRYmtprLK85vLRlb3K59T2hrp6fzJp6fzLV1kefroAUgBS99sfbCTS99sfbCZzOSZmZzIx1kwAY0AGgAAAAACazNZzCAY6KWi0LOaJmJzDelotH2qVz65xYBqRjqUxzHTYY2XHKmO4X1KY5jpSO4TXWXXZX2wFfbA81dgAaAAAAAAAAAAAAAAAAAAAAAAAAImtbdxlIMV9On9YU1KVikzEQ1V1f1yqW6yxyAO7mAANdH5ZNdH5bE9eNQFOQAAxve0W4ls59T3yyq59N9vKJtM9ygS6YADQAAAAAAAAAAAAAAAAAAAAAAAAAAAHrAIAETOIzIK3iLVmJcU9tdbV3TiOmSa6czABi19PVmn3DpprVt84cY3U3mV3xMT1I4YtaOpk32/tLdT8Oy2pWsZmWGprzbivEMRmtnMgAxY6vx6xFc/LlW09SaTx02J6mx2pVpaLxmFlOQADm1qZtmO2Dpv7md6Z5jtz39us8ZETiQaptW26EsInE8Nq23QmxiWd6fMNBkowK05zK96fMEdO34/3XL8t/SQHZ5wFL32x9sJNL32x9sZnM8omczmRjrJgAxoANAAAAAAAAAAE1mazmEAx0UtFoWc0TNZzDelotCpXPrnFgGpGN6YnMdNhlbLlXr7YCOh5K9cABoAAAAAAAAAAAAAAAAAAAAAAAAAArq/rlYmMwRjiHROhXPB6EeXb7jn81zjo9CPJ6EeT7h81ztdH5X9CPKto9Lr5VOpazrm40GPqz4PVnwvXL5rYY+rPg9WfBp81s59T3ytOrLOZzLLVc84AMWAAAAAAAAAAAAAAAAAAAAAAAAAAAAAA9YBAMPyZtjjr5bomMxiRs/TgGutpTWcx0y7Q6y6dpms17jDo0dHb/wBW7a2rFoxMNxN6cI6L/jx/8yyvpWpGZMbOpVAGKBNaTecQ2r+PP/1JjLZGERMzwmazWcTGHZTTrTqEamnF4+24n7cYm1ZrOJTp0m9sQxWr6E238dfLqRSkUjEJVHK3akBrGF/cqm9o34Q5X11nit6Z5jtk3VvTPMdkrWRE4k6FNbVtuhLCJxPDattybGJUXUnt0/F64/l8AUvfbH27OEml7xWPtjM5nMkzmcyhjrJgAxQAAAAAAAAAAAAAAAAmszWcwgGOilotCzmrM1nMN6Wi0Klc+ucWAKmLgPJXsgANAAAAAAAAAAAAAAAAAAAAAAAAAAAAAAAAGH5HcN2H5HcK49T14xAd3MAAAAAAAAAAAAAAAAAAAAAAAAAAAAAAAAAAAB6wCAABExmMSzro1rbLUDUJAEM/yP1S1ZfkfqkbPXIAh2bfje6XS5vxvdLqVHLr1AkalTU04vHJSkUjELgahIACEg49f9klL54k1/2SzRY6zxuKUvniV0NVvTPMdsm6t6Z5jtsoyInEgpratt0Kz2zicTwm98R9r/H+q4/ln6L32x9sJnM5kmczyOiJMAGKAAAAAAAAAAAAAAAAAAAAE1mazmEAx0UtFoWc0TNZzDelotDdc7zlagPLXqgANAAAAAAAAAAAAAAAAAAAAAAAAAAAAAAAAGH5HcN2H5HcK49T14xAd3MAAAAAAAAAAAAAAAAAAAGAA0AAAAAAAAAGAAAA16wrvr5g318wgWFd9fMG6PILCu6PJur5NEiN1fJur5NFlb1i9cSbq+TdXywZfxq+ZT/Gr5lpur5N1fJ+m7VdPSinTRXdXybq+QWFd1fJur5NYsK7q+TdXyaLCu6vk3V8miyEbq+TdXy3Rza1c3lTa01ebqrnMxzvfUqu1eJmEB8Rn31/qd0m6UB8c/4ffX+otG6UbVhvzG/fX+q7VZ0ome2gSSMvfVZ+lHk9KPLQbjPqs/SjyelHloGH1WfpR5PSjy0DD6rP0o8npR5aBh9Vn6UeT0o8tAw+qz9KPJ6UeWgYfVZ+lHk9KPLQMPqs/SjyelHloGH1WfpR5PSjy0DD6rP0o8npR5aBh9Vn6UeT0o8tAw+qz9KPJ6UeWgYfVZ+lHk9KPLQMPqs/SjymuntnMSuGH1U7pN0oE/HLfvr/AFO6TdKA+OT76/1O6TdKA+OT76/1O6TdKA+OT76/1O6TdKA+OT76/wBTuk3SgPjk++v9Tuk3SgPjk++v9Tuk3SgPjk++v9Tuk3SgPjk++v8AU7pN0oD45Pvr/U7pN0oD45Pvr/U7pN0oD45Pvr/U7pN0oD45Pvr/AFO6TdKA+OT76/1O6TdKA+OT76/1O6TdKA+OT76/1O6TdKA+OT76/wBTuk3SgPjls761HqT4Uv8A94z8A4+V6c2KbINkLjfqnzFNkGyFw+qfMU2QbIXD6p8xTZBshcPqnzFNkGxd06Ojj/q3bdrLJGVPxImubTML/wAOn9pdCVa5ub+HT+0n8On9pdIbRzfw6f2lnqaGnSPdOXTq6kUj7clrTacyy9KnOs9kGyFxO1fzFNkGyFw+qfMU2Q1j8eJ+ZVjt20piMz2bWWSMI/DrjmZP4df7S6Uq1zcv8Ov9pP4df7S6LW2wym0yy9Y2TVP4df7Sfw6/2let5hrWYmCdaWY5/wCHX+0k/hxEcTLpG7WOL+PHmT0K+ZdV6Z5hki3qLklZehXzKa/j1meZloM+635iP4df7Sfw6/2lrS/xLR0nWosxzfw6/wBpHSN1jkAdHAMgYandKdyom8Sqndi8TAoZlF/H/jpPy/6uIiyXK82Os6lAGNAAAAAAAAAAVntCZ7Q9XPjydegCmAAAAAAAAAAAAAAAAAAAAAAAAAAAAAAAAAAAAAAAAAAAAAAAAAAAAAAAAAAAAAAAAAAAAB8AytnrMB53sngANAAAAAdOjo4/6t21NuGjo4/6t22SKc7dABiFNXUikfZq6kUj7clrTacyy1XPOlrTacygEugANAAI7h3x04I7h3x0qOfYi1orBa22GMzmWW4mTSZmZQDm6C1bTWVQG9ZzCWNbTWWsTFo4dJdc7MSpemeYXG2ayfpzjW9M8wyc7MdJdGlL/EsxkuNs10DOl8cSOssc7GADu84AAAAAAAwWi3lKhE4c+vx7468/kz1cRE5S42WO0svgAxQAAAAAMVntCZ7Q9XPjydegCmItOImWE3tnt0KenVlVLGW+3mTfbzLX06npVZitjLfbzJvt5lF4xaYhpSkTWJkbcim+3mTfbzLX06np1MZ9RXSvMzieV7221yVrFekavsan9WqUvM25bOenuh0EOoANSAAAAKepXOMrWjNZc+2c9MqpJXSIrGKxCWpAAAAAAAAAAAAFqUm0/RSk2n6dFaxWMQm3Fc86ztpRFcx8MWurqfEMjnTrP4No0o289sY7h1/DOq3ma5JjE4E290oUigDQAAAAAAAAAAAAAAAAAAAAAAAAAZWz1mA872TwAGgAAOnR0cf9W7am3DR0cf8AVu2wlTnboAMGerqRSPs1dSKR9uS1ptOZZarnnS1ptOZQCXQAGgAAAEdw7pttq4Y7dEzMm4mzS0zM8oBALVrNpK13S2iMRhXPOptY2rNZVdFoiYY2rNZLzjZdVWrbbKolres5jKWNbTWWtZiYdJdc7MSpemeY7aDbNZLjmGt6Z5jtm52Y6S6gBjVAHseMAAAAAAAAAATFvKBN5lbz1Z4uKxOFnn65vL089ToASoAGgAxWe0JntD1c+PJ16AKYAAAA59T3y10/ZDLU98tdP2QmL68XAUgU1fYupq+xjZ6yp7odDnp7obWtFY5ZFderDC2rM9cK7reZbrPmukc8alo+WtdSJ4ns0vNi4DUgiemG+27tjZNdADWAMravhjZNajnm9p+Ub7eZNV8V0jGNWY7aVtFo4NTZYsA1gAAtSk2kpSbT9OitYrHCbcVzzpWIrGIZaup8Qaup8QyZJ/a3rr+QAWgjuHX8OSO4dfwjpfDlt7pQm3ulCoi+gDQFq0m3TWujEd8ptxs5tYDq2V8QidOs/DPpXxXMNbaP9WUxicSqXU2YANYC+npzbn4bRp1j4TesVObXMOrZXxBsr4hn034co6tlfEMtasRjDZ1rLzjIFqVm04hqVR0V0qx8ZW2V8Qn6X8OUdWyviDZXxB9Hw5Rvq1rFcxGGCpdTZgA1gAytnrMB53sngANAdOjo4/6t23GW4aOjj/q3bcFOVugAwZ6upFI+zV1IpH25LWm05llquedLWm05lAJdAAaAAAAAAR23YR23TWC1azaStd0tojEcN551FuERiOBI6IFbREwsgGNqzWVW9oiY5Y2rNZc+pjpLqFq2msqiWt4mJjhLGttstazmHSXXOzEqXpnmO1xtmslc41vTPMdjnea6fTnEZgzHl6tjy5UgDABoAAAAAAAAJicIGWa2Wz9risThZ5uufl6eevqACVgAxWe0JntD1c+PJ16AKYAAAA59T3y10/ZDLU98tdP2QmL68XAUgU1fYupq+xjZ6xicTlPN7Kt9OuI+2R0txWul5X2V8LDcc/qs7aUT0ymJrPLpU1K5qY2dI0754lo5onE5dEcwQ6hPUub5dM9S5vllbw6gV1JxVqGWpfM4jpFaTZFY3Th0RGIxDPXS3IrGnWPtM6dfCw1G1jbSxzCkTNZy6WOrXE5hliubv6rStt0ZWY6U4nDZqbMotSk2lWO3VWIiOGdXG8zStYrGIZaup8QtrWmIxHTBnM39t6v8AFoAAI7h1/DkjuHX8I6Xw5be6UJt7pQqIvovp03T9KOmldtYZ1cVzNTGKx9M7a3hGtfM4hkyct66/kW9S3mUxq2j5yoKyJ2uimpFu+JTqUi0fbm6dGlbdX7RZn7i5d/Vc8xicSmsZmIaa9ecqafvhW/pGZXTHEML6szOI4bW9suWe08zV9XFvUt5PUt5VF5EbVvUt5VmZnuQMZo6dOu2sOZ116hPS+GWpqYnEM99vJqRi8qtkjLbq2+3k9S39lRuRm1M2me5ygBgA0AGVs9ZgPPXsngDp0dHH/Vu2wtw0dHH/Vu2wlTlbohKBgpq6kUj7NXUikfbktabTmWWq550tabTmUAl0ABoAAAAAAABHbppXc5o7h3ViIjgzUdXExGIwAtzETeIVvf4hki9KnLeLxKWDSl88S2daXnGitoiYWFJYWrtlVvaImGNqzWXOzHSXULVttlUS1vE5jhLGtprLas5h0l1zswAUxwAIdjKd0oG6yyVaLJzlQVO6538UvjQUi3laJy6TqVx64vKQFJAAAAAAE1lAnqbG83KuIrOUvNZlx6pdgAxqs9oTPaHq58eTr0AUwAAABz6nvlrp+yGWp75a6fshMX14uApApq+xdTV9jGz1jXm0Olz090OgiuwBqAAHNaMWmG9PbDG/vltp+yExfXiZ6lzfLpnqXN8lOHUy1vhqy1u4bWc+o0Y/wCmzHR7lsQ69AGpFNSP+JXVv7JY2esKe+HS5qe6HSRXY10tTHE9Mgs1MuOqYi0cue9JrP0vp6mOJ6azEWhHi/11HKLalJrP0qv1zzABoR3Dr+HJHcOv4R0vhy290oTb3ShURfVqRm8Q6XNpzi8OlHXrpx45507TJ6VvDT1o8I9ePDdrM5U9K3g9K3hf148Hrx4NpnKnpW8L6dLVtz0etHg9aPDP22ZF9WM0lzdNb6uazEQyVynq7XTS0WhF9KLTnphW01nhpGt5hNlnip1L6n0Ps9D7PXjxJ68eJP2f/lW2jMdcs+nTS8WjhTWpmMw2df6y8z2MW+jfMbZYEcKs1MuOm9It2p6H2rXWmO+VvXjxKP3F7zT0PtE6M/Ep9ePErV1Yt9G0zlhMTWcSh03rFo+3NMYnCpdR1MAFMAGVs9Zg00K7tSHD+vX5Gujo4/6t22Eqc7dBAMSz1dSKR9mrqRSPtyWtNpzLLVc86WtNpzKAS6AA0AAAAAAAAAAjuHfHTgjuHfHSo59il7/EF744hknrpkgAhYlADWl88SuwaUvniV89IsaK2rEwkWljas1lVvaN0Yljas1lzsx0l1C1bbZVEtbxOYGNbTWRc6iPlzgDqAAAAGcAMWi2Vma1beXXnv8AlcO/x/2LAOjiAAAAAARwuomsuX5Odmuv4+suLAODurPaEz2h6ufHk69AFMAAAAc+p75a6fshlqe+Wun7ITF9eLgKQKavsXU1fYxs9ZU90Ohz090OgiuwBqAAHPf3y20/ZDG/vltp+yExfXiZ6lzfLpnqXN8lOHUy1u4astbuG1nPqNHuWzHR7lsQ69AGpFb+yVlb+yWNnrCnuh0uanuh0kV2ANQNdLUxxLIZZrZcdUxFoc96TWfpfT1McS1mItCPF/rqOUWvSaz9Krc6R2645hyOjStmuPCel8Mbxi8qt9XTzzHbHbPiWyps/aI4l1VnNYlytdK+OJZ1G83FdWu231KjqtWLRiWFtOaz5glOuVAIiZ6hSQX9K2FOjTABoCds+JNs+JYIE7Z8SbZ8SCaTMWjDon2yy0tOc5lpqW21lF/ddOf1P25gTtnxK3NAnbPiTbPiQQdJ2z4lamnMzzGILWyN6+2HPf3y6eo/xy2nNplHK+/EAOjmHwDK2es2mhONTlmROJzDh/XrzY70stHVi8YntqpyswABjraW+Mx25ZjE4l3stbS3xmO2WK56xyhMYnEiXQAGgAAAAAAAAAEdw67XxGIckdt2W4mzQBINKU+ZKU+ZaL55TazvTHMM3QzvTHMHXJOmaUCFNaXzxK7na0vniV89IsaK2rEwlK0sLVmsqt7RFoZWrNZc7MdJdVAS1gAtQAAAAAAAC1Z+Fma1ZdOOv48/5OP7FgHVxAAAAAGC8ciKyl5uplerm7FZ7Qme0PRz483XoApgAAADn1I/7ltp8UhMxE9pYq3ZgA1IpqRmvC4wjCkTu6bgNt0AawABz3id8tqRisLDMVbqJ6lz4nPTpRiCkuJZa0TOGoMlxloxPLUAt2gDWCt4zWVhg56RO6HQA23QBrAABrp6mOJ6ZDLNbLjp1JjZLmBkmFuia2ms5hA1jorqVt/q+YchmU/K/ta+N04VBSGlNWY4ltFonqXKMvKp1jq21n4gxEObfbzJNrT3Kfmt+46Lala/LmmczkFSYm3RfSxu5UG1kdeYMw5cz5Mz5T8r+3VmDMOXM+TM+T5Pt0zeIjtz6l5vP0qNnOMvWprjdGenTExhymZ8lmk6x15gzDlzPkzPlny37dWYRNoj5c2Z8oyfJ9tNTUzxHTMFSYm3QBrABlbPWYDhXsnhEzE5h16WrF4xPbkImYnMErLNd6WWlqxeMT20U5WYJAGOtpb4zHblmJicS72WtpbozHbLFc9OUJjE4kS6AA0AAAAAAAAjtvDCO28JrKNKU+ZKU+ZaK55/rnaCULSlCQGV6fMM3QzvTHMI65XKzSgQprS+eJXc7Wl88SvnpFi5aImOQWljas1kbTETHIi8rnTgAHQAAAAAAAAAGLxOYSpWeV3fm7Hl75+aAKQAAAAR2uovHTj+Sf12/Ff4rPaEz2h058cuvQBTAAAAAAAAAAAAAAAAAAAAAAAAAAAAAAAAAAAAAAAAAAAAAAAAAAAAAAAAAAAAAAAAAAAAA+AZWz1mA4V7J4AMaRMxOYdWjqxeMT25SJmJzDdTZrvSy0dWLxie2inKzEoSAx1tLfGY7csxMTiXoMdbS3xmO2WK56coTGJxIl0ABoAAAAABHbr06fMuSO4d8dNkR1RKCZxHKnMmcQznUn4VtbdP0q53pc5/1pGpPy0icudel8f4Tr/S8/41CJyOiGd6fMM3QzvTHMI65XKzAQprS+eJaOdpS+eJXz0ixoAtLzwEO4AAAAAAAAAAvE5hRasr4v7cvyzZqwDs8wAAAAmqEx2nqbFc3Kra0RPMo318stb9kqM5v6X1z+3Rvr5N9fLnG6z4dG+vk318ucNPh0b6+TfXy5w0+HRvr5N9fLnDT4dG+vk318ucNPh0b6+TfXy5w0+HRvr5N9fLnDT4dG+vk318ucNPh0b6+TfXy5w0+HRvr5N9fLnDT4dG+vk318ucNPh0b6+TfXy5w0+HRvr5N9fLnDT4dG+vk318ucNPh0b6+TfXy5w0+HRvr5N9fLnDT4dG+vk318ucNPh0b6+TfXy5w0+HRvr5N9fLnDT4dG+vk318ucNPh0b6+TfXy5w0+HRvr5N9fLnDT4dG+vk318ucNPh0b6+TfXy5w0+HRvr5N9fLnDT4dG+vk318ucNPh0b6+TfXy5w0+HRvr5N9fLnDT4dG+vk318ucNPh0b6+TfXy5w0+HRvr5N9fLnDT4dG+vk318ucNPh0b6+TfXy5w0+HRvr5N9fLnDT4dG+vk318ucNPh0b6+TfHlznyWk5bCEuD0wAGgAETMTmHXpasXjE9uQiZicw2VNmu8ZaWrF4xPbVTkkAGOtpbozHblmMTiXey1tLfGY7ZYrnrHKExicSJdAAaAAAAR3DvjpwR3DuziOWxz7TM4hja26fotbdP0qnrokATETM8JUgTMY7QC9L4/xrE5c69LY/wAVz0mxsgicwl0QyvTHMM3QzvTHMI65XKzSgQprS+eJGQqdJvLABroAAAAAAAAAAEcSDYy+NBEdJd3iAGgAAAwYa3vlRfV96iJ47gDQAAAAAAAAAAAAAAAAAAAAAAAAAAAAAAAAAAAAAAAAAAAAAAAAAAAAAAAAAAAAAAAAAAAAICAjVKEuLsADQAAACJmJzDq0dWLxie3KRMxOYbKmzXoDLS1YvGJ7aKcrMSCAZa2lFozHblmMTiXey1tLfGY7ZYrnrHKExicSJdQAAACO4dNrZ/xzR23ZaygJiMylhEZnDatYrBWu2Euk5xFuq2ruj7ZTGJxLoUvXdB1zpLjETMYnEoc1r0vj/GsTlzr0ttn6Vz0mxqETkdEM70xzDN0M70xzCOuVyswEKYALUAAAAAAAAAAADF46SivSXeePJ17QBSQAABgw1feovqe9RLtPAAaAAAAAAAAAAAAAAAAAAAAAAAAAAAAAAAAAAAAAAAAAAAAAAAAAAAAAAAAAAAAAAAAAAAAEdhHYNUrbTa5/NX/6cqi202nxT/05VFtptPin/pyqLbTafFP/AE5VFtptPin/AKcqxMxOYdWlqxeMT259pETE5iWzmsvfNdwwjWnHMHrT4b81z+o3GHrT4PWnwfNPqJ1tLdGY7csxicS6fWnwz1Ji85xiWXmr5/JIyFtptZ8VX/pyqLbTafFP/TlWO2/wy2tqxnhPXNjZ1L4REzOG1a7YK12wlvMxNuiUEzEKSlBE5SClq7o+2UxieXQpau6PtPU1UuMRMxicIc1r0vj/ABrE5c69LY/xXPSbGoRyOiGd6fMDQTeVTp5e6fJunygdcidTunybp8oDIandPk3T5QGQ1O6fJunygMhqd0+TdPlAZDU7p8m6fKAyGp3T5N0+UBhru/GrFtLM+Wvp18KfjRjRhqkV9Ovg9OvhcYzFPTr4PTr4XAxT06+D06+Fw0x535ERGrMQya/k/ulkuNAAAAAAAAAAAAAAAAAAAAAAAAAAAAAAAAAAAAAAAAAAAAAAAAAAAAAAAAAAAAAAAAAAAAAAEx3CEx3Ax0gKcQBoAAAAAAAMABoAAAAAAAAR26q1isOWO4dcdOfTpwAre+3/AFHiy9sR9spmZJnMoc7ddJMTEzDatt0MExOJJcLNdCEVtuhLq5q2ruj7ZTGJ5bq2ruj7T1zqpcYiZjE8oc1r0vj/ABrE5c69L4/xXPSbGwiJyOiHlALAAAAAAAAAAAFtOM3rH2D0dKMaVf8AF0RGIwlAAAAAAiegef8Akftsyaa/7JZqnhQBoAAAmtcmkmoGm2PCdseE/SvhkLWrhVUupswAAAAAABetfLLcJNUGu2PCJrEs+lfFZiZjCFJAAAAAABMRleKxDLcbObWY12x4VtTwz6beaoApIAAAAAALVrlbbHhN6kVOdZjXbHhS1cNnUrLzYqA1gAMABoAAL1p5W2x4TelTmshpNYlSYxLZdZecQA1gAAAACYjMggaRWITtjwn6V8Mhe1PCjZdTZgA0Ex3CEx3AyukBTiANAAAVteK/6xtebf4zVTm1rbUrCs6viGQzVfMXnUsj1LeVRisi8atlo1fMMhus+Y6IvWflZyrVvNf8NTef8dArW8W/1ZqMwAaAAEduuOnJHbptbbH2593HTgvbb/rKZyTOUOFuu8mAL0pnvpkmttxQWvXb/ipZhKmJxPDatt0MExOJbLjLNdArW26FnVzUvXdH2ymMTiW6LV3R9pvOqlxgJmMTyhzWvS+3/BQbtZkcQD0OYAAAAAAAAAA6Pw6Z1N3xDnd/4uns08z3LKNwEgAAAAracVWZ6s8YZfGxwa37JUX1v2Sovnxl9AGgC1a5LcJNK1yuJcrddZMAGKRLKe2zKe18ufaAFoAAAXrXHMstxsmla45lcHO3XWTABjVbxwzaW6ZunPjl36AKSAAJiMyRGWkRiGW42TSIxCQcnUAGs7xiVVr9qus8cevQBrAABatcla5XT10rnkSDm6iJ5hIMYzxIme5Q7OIAAAAvWuOZK1xzK6Oul88/0AQ6Ct44ysrf2tnqb4zAdXIAABMRmQIjLSIxBEYhLnbrpzzgAlYzvGLNGd+1c+o68VAdHMTHcITHcDHSApxAGgz1NTHEGpfEYjtim1fPP9OwWpSbf4xfiq8adpa1pFfhZuIvf+Mo0vMp9GPK+TMeYbjPqs50vEqTp2j4dGQw+q5R0WpFmN6TX/GYudarE4bU1M8T2xAs11CmnfdGJ7Xa5WYANBpnLNdx/L/Hb8X9AXpTPbjJrtbhSmeZ6axwRGEusmOduomMsr12z9NkTGYLNJcc4veu3/FHKzHSXUxOJbVtuhgmJxLZcZZrdKtbboS6uat67o+2UxicS6FbV3R9p651UuMBMxieRzW4QHpcgAAAAAAAAAGmhT1NSI+Pl6MRiMMfxtLZTM9y3TQAYAAAADHUnM4azOIYTOZT1VcuTW/ZKi+t+yVHTnxN9AWrXLbcJNK1z/i4lyt11kwAYoBW1sN9Zbha2GYOkmOVugDUgL1r8yy3FSaVrjmVwc7ddZMAGNAZ2t8Q2TWW4XnKoOsmONugAwTEZIjMtIjEMtxUmkRiEg5OuAA0RM4gmcQzmcyqTU9XCZzKAdHIAAWrXJWuV09dK55Eg5uoAAra2OC1sM188o66/gAtzAAF61xzJWuOZXR106c8gCFgIAUtOS1s9KunMcuut8AFIATEZGkRmWkRgiMJc7ddOecAErARM4gYTOIZTOZTM5lDpJjn1dAFJEx3CFqVzORjoAU40RacRlLHVtzgbJtUmczmUCaxuthLr4tp03cz036REYjCL32x9qc7dpa0VjllbVmelebT5aV0vLPW5J6zzM+TEuiIiOoSYfTmzML11ZjvlrNYnuGdtL+obK0raLRwTGY5c8TNZb0tuhrLM/bLUptnjpR0zGYxLntG2cMqubpWcTl0ROYy5mujb4IdRqApzF1G1KZ5npx/JNx2/Fc0pTPM9NejpLJMVboIUnUj4LcZmtBnGpErkumExmGN67f8bExmCzWy45xe9dv+KOVmOkupicTmG1bboYJicTw2XGWa6EIrbdCzq5q2ru/0WGZG68kB0YAAAAAAAAOj8XR323T1DPR0p1LfT0K1itYiOoZaJSCQAAAAEAK6k4jDFa85sq5dXa6SZHLrfslRfW/ZKK1y7S5EZtK1yudJRbrpJgAxQCtrYbIy3C1sMwdJMcrdAGpAXrXHMstxUmla45lcHO3XWTABjQGdrZ4hsmptwtb4hUHWTHK3QABMRkiMy0iMQy3GyaRGISDk6gA0RM4gmcQzmcyqTU3rCZzKAdHIAAWrXJWuV09dK55/0SDm6AA0VtbHRa2Ga+eUddAC3MAAXrXHZWuOZXR106c8/wCgCFgIAUtbPRa2eIVdOY59dACkAJiMyBEZlpEYIjEJc7ddOZgAlYCJnAwmcQzmcyTOZQ6SY59daAKSAtWuS3CTStc9tIQmHPdrpmRoA7PJfSenNac2mW95xWXOyr4G2lHGWLprGKwRvVJnEOe07rNdWcVx5U0q5t/hWc/qa006bYzPa4iZxGWp9SjMeWFrzZXMs1U4dQwreaz9NonMZhupsxXUpmMx2yrbbZ0MNSMWZVc3f02jmGetXjK2lOa/4taM1lqfK5k1nFolAl1dQis5rCVOJHcOuOnJHcOuOk9L4AZXvniHO3HWTS988QoDlbrpJg0pf4lmEuFmugZ0v8S0dZdc7MJjLK9ds/TUmMlmkuOcXvXb/ijlZjpLqYnEtq23QwTE4nMNlxlmtxFbboHXXN5YCwAAAAAAaaWlbVtiOvK2j+PbU5nirupSKVxWMMtClIpXELAkAAAAAAQrqWxC0sbTmU9XI2TVQHN0c+pXOpIvf3Kr39EmAAoBW1sNk1luFrYZg6SY5W6ANYAvWuOZZbjZNK1xzK4OduusmADGgM7WzxDZNTbha3xCoOsmOVugACYjJEZlpEYhluNnOkRiEg5OoANETOCZxDOZzKpNT1cJnKAdHIAAWrXJWuV09dK55Eg5uoAAra2C1sdM188o66AFuYAAvWuOZK1xzK6OunTnkAQsBAClrZ6LWzwq6cxz66AFIATEZkCIzLSIxBEYhLnbrpzzgAlYCJnAwmcQzmcyTOZQ6SY59daAKSAtWuey3CTStcriXK3XWTAgII2+NAHd4r6pq+yWDfV9ksGV048TXuHTDmr7odPwRnbLW7hOjHEyjW7hOjPGD+n/APLRlrT1DVlrR1Lann1nEZnDX0ox9sonE5a+rGPtkX1v8YzGJw20Z4mGUzmctNGOJkh141Za0dS1Za08RDajn00Z7hrPTLRjuWs9Eb165rdyhNvdKEujo0/ZCyun7IWU5X0juHXHTkjtte+eIR3cX+OaXvniFAee3XokwExGWtKY5ntsmstxiNb0zzDIswl0aUv8SzGS42zXQllS/wAS0dZdc7MJjMMb1xP02JjJZpLjnF712/4o5WY6S6mJx0IDTHEA9LkAREz1AA0poXv1H/ro0/xIjm85NHLSlrzisOvR/FivN+Z8N61isYiMLJtERGOkgwAAAAAAEJVtbbAK6lviGSZnKHK3XSTABimV/cqtf3KrgAra2GyaW4WthmDpJjlboA1gC9a45lluNk0rXHMrg5266yYAMaAztbPENk1NuFrfEKg6yY5W6AAJiMkRlpEYZbjeedIjEJBydQAaImcQTOIZzOZVJqb1hM5lAOjkAALVrkrXK6b0rnkSDm6AA0VtbBa2Ga+eUddAC3MAAXrXHMla45ldHXS+ef8AQBDoAgBS1s9FrZ6VdOeXProAUgBMRmQIjMtIjBEYS5266c84AJWAiZwMJnEM5nMkzmUOkmOfXWgCkgLVrnstwk0rXK4lyt11kwAYoI7FZticNnqevGwDu8dVvGazDndU9Oa0YtMMq+EOms5iHM20rZjBG9T9GrGa58KaVsW/1tMZjDntG2xWc/uY6UWiJjEq6d90fa7UeOe1JrKrqRiPEMxf2wrSbT9N4jEYhI3E26MNSc2aal8RiO2Va7rMquZn7a6UYr/q1pxWSOIZ61uMNT7WQJrGbRCXV0VjFYSCnEXUXcvy/wAdvxf0SNaUxzLlJrrbhSmOZ7XQl0kxzQpemeYaILNJcc41vTPMdsnOzHSXRpS/xLMZLjbNdAzpf4lo6y652YTGYZXrifpqTGSzSXHOL3rtn6HKx01j/Dt/aFo/Dj5s6h32uTCPxdOJ+ZaV06V6rELjAAAAAAAAAAAQlEziAJnEMbW3TktbdKrn1ddJMAEtAAZX9yq1/cztbC5G7ha2GYOsmOVugDWAL1r8yy3GyaVrjmVwc7ddZMAGNAZ2tniGyam3C1viFQdZMcrdAAExGZIjLSIxDLcbzNIjCQcnXwAGiJnEEzhnM5lUmp66wmcygHRyAAFq1yVrldPXSuedEg5uoAAra2C1sM188o66AFuYAAvWuOZK1xzK6Oul88/0AQ6AIBLO1s9FrZVdJy59dACkAJiMyBEZlpEYgiMQlzt1155wASoBEzgYTOGczkmcyh0kxz660AUkBatcluEmla5XEuVuusmADFAK2tjhsmstwtbHSkdoTHcOkmOPV10gOjgMdWvOWyLRujDGy5XMmtttskxicIS6umJzGVb03R9s9O+3iem/avXOzK5uaz4lrXVj5WtWLdsracx1yxuy+tomJ+UubmDdPk0+HRMxHcs7av8AVnETPXK1dKZ74NPmT1WIm0t6V2wVrFekzxDcZetJnEZlz2ndOVtS+6cR0oy1XMwa6NflnWMzh0VjEYIdVICnMaRyzdNKYjMuX5JuOv47mlKY5ntYSmTFCEWtFYZTeZ+WW42TWwxi8xLaJiYbLpZgpemeYXCzWS45xremeYZOdmOkujSl/iWYyXG2a6BnS/xLR1l1zswmMgNYkAAAAAAAAAAAAFbWiATMxEMbW3SWtNpVc71q5ABKwAAAYw1bYsxX1v2So78z9OfV0AUkBetccyy3FSaVrjmVwc7ddZMAGNAZ2tniGyay3C1viFQdZMcbdAAExGZIjLSIxDLcbJpEYSDk6gA0RM4JnDOZzKpNT11hM5QDo5AAC1a5K1yunrpXPIkHN1AAFbWx0WthmvnlHXQAtzAAF61xzJWuOZXR106c8gCFgIAUtbPEFrZ6VdOeXProAUgBMRmQIjMtIjEERiEuduunPOACVgImcQMJnEM5nMkzmUOkmOfXWgCkgLVrktwk0rXPa4lyt11kwAYoBW1scQ2TWW4WtjpmDpJjlbomO4QmO4al0gKcQBoz1KZjMdsXUz1NPPMJsXz1/GK9LzX/ABToYv10VtFupWcvS8alobqLx/jbEGI8QzjW8wn1Y8N1nzV8JZTreIVnUtJp81ra8VY3vNv8VGauc4BHLbT08cz2FuJ06bYzPa4NcrdAGhHbrjpyR2646R0vgRa0VgtaKwxtMzLlbjrJpa0zKAc3QWraayqA6InMJYVtNZbRMTHDpLrnZgpemeY7XG2ayXHONb0zzDJzsx0l0aUv8SzGS42zXQM6X+JHWWOeNQGsAAAAAABACUItaIZWvMstkbJq9tTHTOZme0Dnbq5MAGNABoAAAMcut+yVF9b9kqPRz45X0BetccyW42TStccyuDnbrrJgAxoDO1s8Q2TU24Wt8QqDrJjlboAAmIyRGZaRGIZbjZNIjCQcnUAGiJnEEziGczmVSanrrCZzKAdHIAAWrXJWuV09dK55Eg5ugANFbWwWthmvnlHXQAtzAAF61xzJWuOZXR106c8/2gCFgIGClrZ4LWz0q6c8o66AFOYCYjMjSIzLSIxBEYhLnbrpzzgAlYCJnAwmcM5nJM5lDpJjn11oApIC1a57LcJNK1z2uJcrddZMAGKAVtbHDZNZbha2OmYOkmOVugDWCY7hDSlcdluGa2AU4UAaAAKWpFv9ZWpNXQMxU6xyjedOs/Sk6U/Esxf1GYvOnaEbLeJY3YqLxpWlaNLzLWbGS1aTZrGnWFzE3r/Fa0iv+rA1GgDQAAjuHVNtsOWO2kzMuX5Ljr+OaWmbSgHB3Fq1mxWu6W0RiFTnWW4wtXbKG9ozDG1ZrJecJdQtW01lUS10ROYGNbbZbRMTDpLrnZgpemeYaIbZrJcc41vTPMMnOzHSXQBjXSA7OQCASIyibxALIUnU8QpNpn5Teor5rWbxDOdSZ6UE3q1U5gAloANAAAAAAABjl1v2SovrfskrXHMu8uRzzaVr8yuCLddZMAGNEJZ2tniGyam3C1s8QqDrJjlboAAmIzJEZaRGGW43maRGISDk6+AA0RM4JnEM5nMqk1PVwmcygHRyAAFq1yVrldPXSueRIObqAAK2tgtbDNfPKOugBbmAAL1rjmStccyujrpfPIAh0AAQpa2ei1s8Qq6cxz66AFOYCYjMjSIzLSIwRGIS5266884AJUAiZwMJnDOZzJM5lDpJjn11oApIC1a57LcJNK1z2uJcrddZMAGKAVtbHENk1luFrY4hmDpJjlboA1gDStcMtxsmla45laAjtz3a6WZGgDu8d9AGgAAAAAAAAAAAAAAAAAAuou4fl/jt+L+i1a7pK13S2iMQjnnXW3CIxHAJdHMVtETCyAYWrNZQ3tETDK1ZrLnZjpLqq1bTWVRLXRExMcDGttstonMOkuudmCl6Z5hcbZrJcc41vTPMdjn8uk6aAOrmiVLTIMopKoOVdYAMABrQAAAYADQAAAAAY57/ALUg6U5AGNABqtumYOnPjl36AKQAAvTpcHLr1258AGKAAZ37VB1njjfQBrAAGsdJBxdgABE9ADKewHZxoAMFqdgyqnrQBydQAaK36Bs9TfGYDq5AADSnQJ68Vz6sA5uoAAzv2CuUdeKgOjmAAR21joEdr4SAh0ABiJ6ZT2C+EdgC0AALU7aA59eunHgR2DJ6q+NAHf8AjxX0AaAAAAADAAAAaAAAAAAAAC4OP5f47fi/rentWBk8bRANEgAhXU9oMvjZ6xAcnQaafYN59Z141QDq5gAP/9k=','Thinkless Soluções em Tecnologia','(31) 97361-2417',48957897000172,'Betim','MG','Brasil','Rua Rio Grande do Sul - Vila Universal','669',32678040,5,0,'2023-01-30 17:59:28.667708',NULL,'2023-01-30 18:00:10.000000');
/*!40000 ALTER TABLE `EMPRESA` ENABLE KEYS */;
UNLOCK TABLES;

--
-- Table structure for table `PERMISSAO`
--

DROP TABLE IF EXISTS `PERMISSAO`;
/*!40101 SET @saved_cs_client     = @@character_set_client */;
/*!50503 SET character_set_client = utf8mb4 */;
CREATE TABLE `PERMISSAO` (
  `PER_ID` int NOT NULL AUTO_INCREMENT,
  `PER_DESCRI` varchar(255) NOT NULL,
  PRIMARY KEY (`PER_ID`)
) ENGINE=InnoDB AUTO_INCREMENT=5 DEFAULT CHARSET=utf8mb4 COLLATE=utf8mb4_0900_ai_ci;
/*!40101 SET character_set_client = @saved_cs_client */;

--
-- Dumping data for table `PERMISSAO`
--

LOCK TABLES `PERMISSAO` WRITE;
/*!40000 ALTER TABLE `PERMISSAO` DISABLE KEYS */;
INSERT INTO `PERMISSAO` VALUES (1,'Cliente'),(2,'Administrador'),(3,'Empresa'),(4,'Funcionario');
/*!40000 ALTER TABLE `PERMISSAO` ENABLE KEYS */;
UNLOCK TABLES;

--
-- Table structure for table `PESSOA`
--

DROP TABLE IF EXISTS `PESSOA`;
/*!40101 SET @saved_cs_client     = @@character_set_client */;
/*!50503 SET character_set_client = utf8mb4 */;
CREATE TABLE `PESSOA` (
  `PES_ID` int NOT NULL AUTO_INCREMENT,
  `PES_NAME` varchar(255) NOT NULL,
  `PES_CPFCNPJ` bigint DEFAULT NULL,
  `PES_FUNCAO` varchar(255) DEFAULT NULL,
  `PES_MUNICIPIO` varchar(255) DEFAULT NULL,
  `PES_ESTADO` varchar(255) DEFAULT NULL,
  `PES_PAIS` varchar(255) DEFAULT NULL,
  `PES_ENDERECO` varchar(255) DEFAULT NULL,
  `PES_NUMERO` int DEFAULT NULL,
  `PES_TELEFONE` bigint DEFAULT NULL,
  `PES_CEP` int DEFAULT NULL,
  `PES_DATANASCIMENTO` varchar(255) DEFAULT NULL,
  `PES_FOTO` text,
  `PES_USUINCLUI` int DEFAULT NULL,
  `PES_DTAINCLUI` datetime(6) NOT NULL DEFAULT CURRENT_TIMESTAMP(6),
  `PES_USUALTERA` int DEFAULT NULL,
  `PES_DTAALTERA` datetime(6) NOT NULL DEFAULT CURRENT_TIMESTAMP(6) ON UPDATE CURRENT_TIMESTAMP(6),
  PRIMARY KEY (`PES_ID`),
  UNIQUE KEY `IDX_a53dc47392a1cc15812eeb4db2` (`PES_CPFCNPJ`)
) ENGINE=InnoDB AUTO_INCREMENT=18 DEFAULT CHARSET=utf8mb4 COLLATE=utf8mb4_0900_ai_ci;
/*!40101 SET character_set_client = @saved_cs_client */;

--
-- Dumping data for table `PESSOA`
--

LOCK TABLES `PESSOA` WRITE;
/*!40000 ALTER TABLE `PESSOA` DISABLE KEYS */;
INSERT INTO `PESSOA` VALUES (1,'Leandro',NULL,NULL,NULL,NULL,NULL,NULL,NULL,NULL,NULL,NULL,NULL,NULL,'2023-01-27 16:10:48.000890',NULL,'2023-01-27 16:10:48.000890'),(2,'Vitor Teste',60399104020,NULL,'Belo Horizonte','MG','BR','Rodovia BR-356 - Belvedere',22,22,30331970,'08/09/1997','',NULL,'2023-02-01 19:10:08.863213',NULL,'2023-02-01 19:10:08.863213'),(3,'Vitor',58301905085,NULL,'Belo Horizonte','MG','BR','Rodovia BR-356 - Belvedere',22,22,30331970,'08/09/1997','',NULL,'2023-02-01 21:25:45.809968',NULL,'2023-02-01 21:25:45.809968'),(4,'Teste',51874423091,NULL,'Belo Horizonte','MG','BR','Rodovia BR-356 - Belvedere',22,31976464654,30331970,'08/09/1997','',NULL,'2023-02-01 21:28:31.482746',NULL,'2023-02-01 21:28:31.482746'),(5,'Teste 2',24137475083,NULL,'Belo Horizonte','MG','BR','Rodovia BR-356 - Belvedere',22,33494946494,30331970,'08/09/1997','',NULL,'2023-02-01 22:35:51.507967',NULL,'2023-02-01 22:35:51.507967'),(6,'Cliente 1',33229266056,NULL,'Betim','MG','BR','Rua Pedestre-C - Jardim das Alterosas - 2ª Seção',22,49464946494,32673040,'08/09/1997','',NULL,'2023-02-01 22:38:32.180187',NULL,'2023-02-07 17:49:16.000000'),(7,'Teste 3',94162837031,NULL,'Contagem','MG','BR','Rua Aroeira - Sapucaias III',120,120,32071228,'08/09/1997','',NULL,'2023-02-02 11:18:09.002847',NULL,'2023-02-02 11:18:09.002847'),(8,'Leandro teste',12043762630,NULL,'Betim ','MG','BR','Rua Rio Grande do Sul - Vila Universal',669,31973612415,32678040,'22/03/1998','',NULL,'2023-02-07 17:50:25.234277',NULL,'2023-02-07 17:50:25.234277'),(9,'Empresa 1',48957897000172,NULL,'Betim','MG','BR','Rua Rio Grande do Sul - Vila Universal',662,32975168646,32678040,'22/03/1998','',NULL,'2023-02-07 17:54:45.287782',NULL,'2023-02-07 17:54:45.287782'),(10,'Funcionario 1',92682091016,NULL,'Campo Belo','MG','BR','Avenida Afonso Pena - Centro',125,32918767554,37270973,'04/06/2000','',NULL,'2023-02-07 17:59:48.178014',NULL,'2023-02-07 17:59:48.178014'),(11,'leandro g',12165345006,NULL,'Betim','MG','BR','Rua Rio Grande do Sul - Vila Universal',235,235,32678040,'22/03/1998','',NULL,'2023-02-07 19:07:13.944110',NULL,'2023-02-07 19:07:13.944110'),(12,'DYNAMO',22018910000134,NULL,'Belo Horizonte','MG','Brasil ','Avenida Afonso Pena - Serra',3351,3351,30130008,'18/06/1994','',NULL,'2023-02-14 12:05:16.190323',NULL,'2023-02-14 12:05:16.190323'),(13,'Lélia',NULL,NULL,NULL,NULL,NULL,NULL,NULL,NULL,NULL,NULL,NULL,NULL,'2023-02-27 13:33:36.441398',NULL,'2023-02-27 13:33:36.441398'),(14,'Guilherme Galizes',7633908602,NULL,'Belo Horizonte','MG','Brasil','Rua Nízio Torres - Ouro Preto',25,25,31320330,'19/01/1993','',NULL,'2023-03-09 15:11:21.583072',NULL,'2023-03-09 15:11:21.583072'),(15,'Alvo a ser deletado da história',NULL,NULL,NULL,NULL,NULL,NULL,NULL,NULL,NULL,NULL,NULL,NULL,'2023-03-09 23:16:27.276178',NULL,'2023-03-09 23:16:27.276178'),(16,'Alvo a ser deletado da história',NULL,NULL,NULL,NULL,NULL,NULL,NULL,NULL,NULL,NULL,NULL,NULL,'2023-03-09 23:20:38.832989',NULL,'2023-03-09 23:20:38.832989'),(17,'Alvo a ser deletado da história',NULL,NULL,NULL,NULL,NULL,NULL,NULL,NULL,NULL,NULL,NULL,NULL,'2023-03-09 23:23:11.422087',NULL,'2023-03-09 23:23:11.422087');
/*!40000 ALTER TABLE `PESSOA` ENABLE KEYS */;
UNLOCK TABLES;

--
-- Table structure for table `RESERVA`
--

DROP TABLE IF EXISTS `RESERVA`;
/*!40101 SET @saved_cs_client     = @@character_set_client */;
/*!50503 SET character_set_client = utf8mb4 */;
CREATE TABLE `RESERVA` (
  `RES_ID` int NOT NULL AUTO_INCREMENT,
  `RES_DATA` datetime NOT NULL,
  `RES_HRINICIO` varchar(255) NOT NULL,
  `RES_HRFIM` varchar(255) NOT NULL,
  `RES_OBSERVACAO` varchar(255) NOT NULL,
  `RES_DIASEMANAINDEX` int NOT NULL,
  `RES_SAL_ID` int NOT NULL,
  `RES_USU_ID` int NOT NULL,
  PRIMARY KEY (`RES_ID`),
  KEY `FK_0767e79590a0bdacf77c9a3c87e` (`RES_SAL_ID`),
  KEY `FK_5c3fe33a482ae0e5df11fa0d154` (`RES_USU_ID`),
  CONSTRAINT `FK_0767e79590a0bdacf77c9a3c87e` FOREIGN KEY (`RES_SAL_ID`) REFERENCES `SALA` (`SAL_ID`),
  CONSTRAINT `FK_5c3fe33a482ae0e5df11fa0d154` FOREIGN KEY (`RES_USU_ID`) REFERENCES `USUARIO` (`USU_ID`)
) ENGINE=InnoDB AUTO_INCREMENT=4 DEFAULT CHARSET=utf8mb4 COLLATE=utf8mb4_0900_ai_ci;
/*!40101 SET character_set_client = @saved_cs_client */;

--
-- Dumping data for table `RESERVA`
--

LOCK TABLES `RESERVA` WRITE;
/*!40000 ALTER TABLE `RESERVA` DISABLE KEYS */;
INSERT INTO `RESERVA` VALUES (1,'2023-02-13 00:00:00','14:00','15:00','Nao poderei participar neste dia',1,1,6),(2,'2023-02-09 00:00:00','09:00','10:00','',4,1,6),(3,'2023-02-21 00:00:00','09:00','09:30','',2,1,6);
/*!40000 ALTER TABLE `RESERVA` ENABLE KEYS */;
UNLOCK TABLES;

--
-- Table structure for table `RESPONSAVEL`
--

DROP TABLE IF EXISTS `RESPONSAVEL`;
/*!40101 SET @saved_cs_client     = @@character_set_client */;
/*!50503 SET character_set_client = utf8mb4 */;
CREATE TABLE `RESPONSAVEL` (
  `RESP_ID` int NOT NULL AUTO_INCREMENT,
  `RESP_SAL_ID` int NOT NULL,
  `RESP_USU_ID` int NOT NULL,
  PRIMARY KEY (`RESP_ID`),
  KEY `FK_4afbc71be61642fbe83e7d0e27a` (`RESP_SAL_ID`),
  KEY `FK_e475bbd515eb802571a4db23694` (`RESP_USU_ID`),
  CONSTRAINT `FK_4afbc71be61642fbe83e7d0e27a` FOREIGN KEY (`RESP_SAL_ID`) REFERENCES `SALA` (`SAL_ID`),
  CONSTRAINT `FK_e475bbd515eb802571a4db23694` FOREIGN KEY (`RESP_USU_ID`) REFERENCES `USUARIO` (`USU_ID`)
) ENGINE=InnoDB AUTO_INCREMENT=2 DEFAULT CHARSET=utf8mb4 COLLATE=utf8mb4_0900_ai_ci;
/*!40101 SET character_set_client = @saved_cs_client */;

--
-- Dumping data for table `RESPONSAVEL`
--

LOCK TABLES `RESPONSAVEL` WRITE;
/*!40000 ALTER TABLE `RESPONSAVEL` DISABLE KEYS */;
INSERT INTO `RESPONSAVEL` VALUES (1,1,10);
/*!40000 ALTER TABLE `RESPONSAVEL` ENABLE KEYS */;
UNLOCK TABLES;

--
-- Table structure for table `SALA`
--

DROP TABLE IF EXISTS `SALA`;
/*!40101 SET @saved_cs_client     = @@character_set_client */;
/*!50503 SET character_set_client = utf8mb4 */;
CREATE TABLE `SALA` (
  `SAL_ID` int NOT NULL AUTO_INCREMENT,
  `SAL_STATUS` int NOT NULL,
  `SAL_NOME` varchar(255) NOT NULL,
  `SAL_MULTIPLASMARCACOES` tinyint NOT NULL,
  `SAL_FOTO` text,
  `SAL_EMP_ID` int NOT NULL,
  PRIMARY KEY (`SAL_ID`),
  KEY `FK_574267a40682c8bf11147288204` (`SAL_EMP_ID`),
  CONSTRAINT `FK_574267a40682c8bf11147288204` FOREIGN KEY (`SAL_EMP_ID`) REFERENCES `EMPRESA` (`EMP_ID`)
) ENGINE=InnoDB AUTO_INCREMENT=2 DEFAULT CHARSET=utf8mb4 COLLATE=utf8mb4_0900_ai_ci;
/*!40101 SET character_set_client = @saved_cs_client */;

--
-- Dumping data for table `SALA`
--

LOCK TABLES `SALA` WRITE;
/*!40000 ALTER TABLE `SALA` DISABLE KEYS */;
INSERT INTO `SALA` VALUES (1,1,'Sala reunião ',1,'',1);
/*!40000 ALTER TABLE `SALA` ENABLE KEYS */;
UNLOCK TABLES;

--
-- Table structure for table `STATUS`
--

DROP TABLE IF EXISTS `STATUS`;
/*!40101 SET @saved_cs_client     = @@character_set_client */;
/*!50503 SET character_set_client = utf8mb4 */;
CREATE TABLE `STATUS` (
  `STA_ID` int NOT NULL AUTO_INCREMENT,
  `STA_TIPO` varchar(255) NOT NULL,
  PRIMARY KEY (`STA_ID`)
) ENGINE=InnoDB AUTO_INCREMENT=6 DEFAULT CHARSET=utf8mb4 COLLATE=utf8mb4_0900_ai_ci;
/*!40101 SET character_set_client = @saved_cs_client */;

--
-- Dumping data for table `STATUS`
--

LOCK TABLES `STATUS` WRITE;
/*!40000 ALTER TABLE `STATUS` DISABLE KEYS */;
INSERT INTO `STATUS` VALUES (1,'Aguardando confirmação'),(2,'Confirmado'),(3,'Cancelado'),(4,'Finalizado'),(5,'Reprovado');
/*!40000 ALTER TABLE `STATUS` ENABLE KEYS */;
UNLOCK TABLES;

--
-- Table structure for table `STATUS_RESERVA`
--

DROP TABLE IF EXISTS `STATUS_RESERVA`;
/*!40101 SET @saved_cs_client     = @@character_set_client */;
/*!50503 SET character_set_client = utf8mb4 */;
CREATE TABLE `STATUS_RESERVA` (
  `STARES_ID` int NOT NULL AUTO_INCREMENT,
  `STARES_RES_ID` int NOT NULL,
  `STARES_STA_ID` int NOT NULL,
  `STARES_STA_DATE` datetime(6) NOT NULL DEFAULT CURRENT_TIMESTAMP(6),
  PRIMARY KEY (`STARES_ID`),
  KEY `FK_0a6d79d95a5ee8e5afffa511a3f` (`STARES_RES_ID`),
  KEY `FK_e27dfdafa163e846a8cebf7c884` (`STARES_STA_ID`),
  CONSTRAINT `FK_0a6d79d95a5ee8e5afffa511a3f` FOREIGN KEY (`STARES_RES_ID`) REFERENCES `RESERVA` (`RES_ID`) ON DELETE CASCADE,
  CONSTRAINT `FK_e27dfdafa163e846a8cebf7c884` FOREIGN KEY (`STARES_STA_ID`) REFERENCES `STATUS` (`STA_ID`)
) ENGINE=InnoDB AUTO_INCREMENT=8 DEFAULT CHARSET=utf8mb4 COLLATE=utf8mb4_0900_ai_ci;
/*!40101 SET character_set_client = @saved_cs_client */;

--
-- Dumping data for table `STATUS_RESERVA`
--

LOCK TABLES `STATUS_RESERVA` WRITE;
/*!40000 ALTER TABLE `STATUS_RESERVA` DISABLE KEYS */;
INSERT INTO `STATUS_RESERVA` VALUES (1,1,1,'2023-02-07 20:09:57.393129'),(2,1,2,'2023-02-07 20:14:13.927024'),(3,1,3,'2023-02-07 20:16:47.642827'),(4,2,1,'2023-02-07 20:17:16.047046'),(5,3,1,'2023-02-07 20:19:06.777295'),(6,3,3,'2023-02-07 20:19:16.222896'),(7,2,5,'2023-02-07 20:20:22.591267');
/*!40000 ALTER TABLE `STATUS_RESERVA` ENABLE KEYS */;
UNLOCK TABLES;

--
-- Table structure for table `USUARIO`
--

DROP TABLE IF EXISTS `USUARIO`;
/*!40101 SET @saved_cs_client     = @@character_set_client */;
/*!50503 SET character_set_client = utf8mb4 */;
CREATE TABLE `USUARIO` (
  `USU_ID` int NOT NULL AUTO_INCREMENT,
  `USU_LOGIN` varchar(255) NOT NULL,
  `USU_SENHA` varchar(255) NOT NULL,
  `USU_STATUS` int NOT NULL,
  `USU_RESETCODE` int DEFAULT NULL,
  `USU_PUSHTOKEN` varchar(255) DEFAULT NULL,
  `USU_USERINCLUI` int DEFAULT NULL,
  `USU_DTAINCLUI` datetime(6) NOT NULL DEFAULT CURRENT_TIMESTAMP(6),
  `USU_USERALTERA` int DEFAULT NULL,
  `USU_DTAALTERA` datetime(6) NOT NULL DEFAULT CURRENT_TIMESTAMP(6) ON UPDATE CURRENT_TIMESTAMP(6),
  `USU_PER_ID` int NOT NULL,
  `USU_EMP_ID` int DEFAULT NULL,
  `USU_PES_ID` int NOT NULL,
  PRIMARY KEY (`USU_ID`),
  UNIQUE KEY `IDX_2e664de20d087b6012b5e96fef` (`USU_LOGIN`),
  UNIQUE KEY `REL_72e5963092a1344371390f3b82` (`USU_PES_ID`),
  KEY `FK_4205401485bf0da3aea1d54a05b` (`USU_EMP_ID`),
  KEY `FK_65e88823fe2463a18f31f181b75` (`USU_PER_ID`),
  CONSTRAINT `FK_4205401485bf0da3aea1d54a05b` FOREIGN KEY (`USU_EMP_ID`) REFERENCES `EMPRESA` (`EMP_ID`),
  CONSTRAINT `FK_65e88823fe2463a18f31f181b75` FOREIGN KEY (`USU_PER_ID`) REFERENCES `PERMISSAO` (`PER_ID`),
  CONSTRAINT `FK_72e5963092a1344371390f3b821` FOREIGN KEY (`USU_PES_ID`) REFERENCES `PESSOA` (`PES_ID`) ON DELETE CASCADE
) ENGINE=InnoDB AUTO_INCREMENT=18 DEFAULT CHARSET=utf8mb4 COLLATE=utf8mb4_0900_ai_ci;
/*!40101 SET character_set_client = @saved_cs_client */;

--
-- Dumping data for table `USUARIO`
--

LOCK TABLES `USUARIO` WRITE;
/*!40000 ALTER TABLE `USUARIO` DISABLE KEYS */;
INSERT INTO `USUARIO` VALUES (1,'collegato.adm@thinkless.com.br','03ac674216f3e15c761ee1a5e255f067953623c8b388b4459e13f978d7c846f4',1,NULL,NULL,NULL,'2023-01-27 16:10:48.341838',NULL,'2023-01-27 16:10:48.341838',2,NULL,1),(6,'collegato.cliente@thinkless.com.br','03ac674216f3e15c761ee1a5e255f067953623c8b388b4459e13f978d7c846f4',1,NULL,NULL,NULL,'2023-02-01 22:38:32.184457',NULL,'2023-02-07 17:49:17.000000',1,NULL,6),(9,'collegato.empresa@thinkless.com.br','03ac674216f3e15c761ee1a5e255f067953623c8b388b4459e13f978d7c846f4',1,NULL,NULL,NULL,'2023-02-07 17:54:45.291972',NULL,'2023-02-07 17:54:45.291972',3,1,9),(10,'collegato.funcionario@thinkless.com.br','03ac674216f3e15c761ee1a5e255f067953623c8b388b4459e13f978d7c846f4',1,NULL,NULL,NULL,'2023-02-07 17:59:48.181683',NULL,'2023-02-07 17:59:48.181683',4,1,10),(12,'contato@dynamopc.com.br','330fb35b7fc58972a5a85a155a5738f61956d814b228fb2bf2c38773158b6f35',1,NULL,NULL,NULL,'2023-02-14 12:05:16.203012',NULL,'2023-02-14 12:05:16.203012',1,NULL,12),(13,'lelia@dynamopc.com.br','03ac674216f3e15c761ee1a5e255f067953623c8b388b4459e13f978d7c846f4',1,NULL,NULL,NULL,'2023-02-27 13:33:36.449900',NULL,'2023-02-27 13:33:36.449900',2,NULL,13),(14,'adv.galizes@gmail.com','7ff72a4f13670485cd24b5b9b5aac9486034ae2158270f932b297e6932f01864',1,NULL,NULL,NULL,'2023-03-09 15:11:21.592657',NULL,'2023-03-09 15:11:21.592657',1,NULL,14);
/*!40000 ALTER TABLE `USUARIO` ENABLE KEYS */;
UNLOCK TABLES;
SET @@SESSION.SQL_LOG_BIN = @MYSQLDUMP_TEMP_LOG_BIN;
/*!40103 SET TIME_ZONE=@OLD_TIME_ZONE */;

/*!40101 SET SQL_MODE=@OLD_SQL_MODE */;
/*!40014 SET FOREIGN_KEY_CHECKS=@OLD_FOREIGN_KEY_CHECKS */;
/*!40014 SET UNIQUE_CHECKS=@OLD_UNIQUE_CHECKS */;
/*!40101 SET CHARACTER_SET_CLIENT=@OLD_CHARACTER_SET_CLIENT */;
/*!40101 SET CHARACTER_SET_RESULTS=@OLD_CHARACTER_SET_RESULTS */;
/*!40101 SET COLLATION_CONNECTION=@OLD_COLLATION_CONNECTION */;
/*!40111 SET SQL_NOTES=@OLD_SQL_NOTES */;

-- Dump completed on 2023-03-09 20:30:12
